,image_id,label
0,200001.jpg,brown_spot
1,200002.jpg,brown_spot
2,200003.jpg,downy_mildew
3,200004.jpg,blast
4,200005.jpg,blast
5,200006.jpg,normal
6,200007.jpg,bacterial_leaf_blight
7,200008.jpg,downy_mildew
8,200009.jpg,normal
9,200010.jpg,normal
10,200011.jpg,dead_heart
11,200012.jpg,normal
12,200013.jpg,downy_mildew
13,200014.jpg,normal
14,200015.jpg,normal
15,200016.jpg,normal
16,200017.jpg,normal
17,200018.jpg,normal
18,200019.jpg,normal
19,200020.jpg,dead_heart
20,200021.jpg,dead_heart
21,200022.jpg,normal
22,200023.jpg,normal
23,200024.jpg,blast
24,200025.jpg,hispa
25,200026.jpg,hispa
26,200027.jpg,blast
27,200028.jpg,tungro
28,200029.jpg,dead_heart
29,200030.jpg,normal
30,200031.jpg,normal
31,200032.jpg,dead_heart
32,200033.jpg,normal
33,200034.jpg,normal
34,200035.jpg,blast
35,200036.jpg,normal
36,200037.jpg,tungro
37,200038.jpg,blast
38,200039.jpg,bacterial_leaf_blight
39,200040.jpg,normal
40,200041.jpg,blast
41,200042.jpg,normal
42,200043.jpg,normal
43,200044.jpg,hispa
44,200045.jpg,normal
45,200046.jpg,normal
46,200047.jpg,normal
47,200048.jpg,normal
48,200049.jpg,bacterial_panicle_blight
49,200050.jpg,downy_mildew
50,200051.jpg,bacterial_leaf_blight
51,200052.jpg,normal
52,200053.jpg,normal
53,200054.jpg,normal
54,200055.jpg,normal
55,200056.jpg,hispa
56,200057.jpg,normal
57,200058.jpg,normal
58,200059.jpg,normal
59,200060.jpg,normal
60,200061.jpg,bacterial_panicle_blight
61,200062.jpg,hispa
62,200063.jpg,hispa
63,200064.jpg,normal
64,200065.jpg,hispa
65,200066.jpg,tungro
66,200067.jpg,normal
67,200068.jpg,bacterial_panicle_blight
68,200069.jpg,dead_heart
69,200070.jpg,dead_heart
70,200071.jpg,downy_mildew
71,200072.jpg,downy_mildew
72,200073.jpg,downy_mildew
73,200074.jpg,normal
74,200075.jpg,blast
75,200076.jpg,blast
76,200077.jpg,downy_mildew
77,200078.jpg,normal
78,200079.jpg,normal
79,200080.jpg,tungro
80,200081.jpg,hispa
81,200082.jpg,bacterial_leaf_blight
82,200083.jpg,bacterial_panicle_blight
83,200084.jpg,bacterial_leaf_blight
84,200085.jpg,normal
85,200086.jpg,bacterial_leaf_blight
86,200087.jpg,dead_heart
87,200088.jpg,normal
88,200089.jpg,bacterial_panicle_blight
89,200090.jpg,normal
90,200091.jpg,normal
91,200092.jpg,blast
92,200093.jpg,downy_mildew
93,200094.jpg,bacterial_leaf_blight
94,200095.jpg,normal
95,200096.jpg,normal
96,200097.jpg,normal
97,200098.jpg,downy_mildew
98,200099.jpg,dead_heart
99,200100.jpg,normal
100,200101.jpg,hispa
101,200102.jpg,hispa
102,200103.jpg,hispa
103,200104.jpg,blast
104,200105.jpg,normal
105,200106.jpg,blast
106,200107.jpg,bacterial_leaf_blight
107,200108.jpg,brown_spot
108,200109.jpg,normal
109,200110.jpg,dead_heart
110,200111.jpg,normal
111,200112.jpg,normal
112,200113.jpg,downy_mildew
113,200114.jpg,normal
114,200115.jpg,downy_mildew
115,200116.jpg,normal
116,200117.jpg,downy_mildew
117,200118.jpg,downy_mildew
118,200119.jpg,blast
119,200120.jpg,downy_mildew
120,200121.jpg,bacterial_leaf_blight
121,200122.jpg,normal
122,200123.jpg,blast
123,200124.jpg,normal
124,200125.jpg,blast
125,200126.jpg,hispa
126,200127.jpg,normal
127,200128.jpg,bacterial_leaf_blight
128,200129.jpg,downy_mildew
129,200130.jpg,normal
130,200131.jpg,normal
131,200132.jpg,normal
132,200133.jpg,downy_mildew
133,200134.jpg,normal
134,200135.jpg,downy_mildew
135,200136.jpg,hispa
136,200137.jpg,normal
137,200138.jpg,hispa
138,200139.jpg,normal
139,200140.jpg,downy_mildew
140,200141.jpg,dead_heart
141,200142.jpg,bacterial_panicle_blight
142,200143.jpg,tungro
143,200144.jpg,downy_mildew
144,200145.jpg,normal
145,200146.jpg,normal
146,200147.jpg,dead_heart
147,200148.jpg,normal
148,200149.jpg,dead_heart
149,200150.jpg,dead_heart
150,200151.jpg,bacterial_leaf_blight
151,200152.jpg,downy_mildew
152,200153.jpg,blast
153,200154.jpg,bacterial_leaf_streak
154,200155.jpg,downy_mildew
155,200156.jpg,normal
156,200157.jpg,normal
157,200158.jpg,bacterial_leaf_blight
158,200159.jpg,normal
159,200160.jpg,normal
160,200161.jpg,normal
161,200162.jpg,blast
162,200163.jpg,dead_heart
163,200164.jpg,bacterial_leaf_streak
164,200165.jpg,dead_heart
165,200166.jpg,bacterial_leaf_blight
166,200167.jpg,normal
167,200168.jpg,blast
168,200169.jpg,blast
169,200170.jpg,bacterial_panicle_blight
170,200171.jpg,dead_heart
171,200172.jpg,blast
172,200173.jpg,normal
173,200174.jpg,hispa
174,200175.jpg,dead_heart
175,200176.jpg,brown_spot
176,200177.jpg,bacterial_leaf_blight
177,200178.jpg,downy_mildew
178,200179.jpg,normal
179,200180.jpg,hispa
180,200181.jpg,bacterial_leaf_streak
181,200182.jpg,hispa
182,200183.jpg,normal
183,200184.jpg,downy_mildew
184,200185.jpg,tungro
185,200186.jpg,normal
186,200187.jpg,downy_mildew
187,200188.jpg,blast
188,200189.jpg,downy_mildew
189,200190.jpg,downy_mildew
190,200191.jpg,hispa
191,200192.jpg,hispa
192,200193.jpg,brown_spot
193,200194.jpg,downy_mildew
194,200195.jpg,hispa
195,200196.jpg,bacterial_panicle_blight
196,200197.jpg,normal
197,200198.jpg,blast
198,200199.jpg,downy_mildew
199,200200.jpg,downy_mildew
200,200201.jpg,normal
201,200202.jpg,normal
202,200203.jpg,normal
203,200204.jpg,normal
204,200205.jpg,normal
205,200206.jpg,normal
206,200207.jpg,normal
207,200208.jpg,bacterial_panicle_blight
208,200209.jpg,downy_mildew
209,200210.jpg,normal
210,200211.jpg,normal
211,200212.jpg,normal
212,200213.jpg,bacterial_panicle_blight
213,200214.jpg,dead_heart
214,200215.jpg,normal
215,200216.jpg,bacterial_panicle_blight
216,200217.jpg,dead_heart
217,200218.jpg,normal
218,200219.jpg,normal
219,200220.jpg,normal
220,200221.jpg,dead_heart
221,200222.jpg,normal
222,200223.jpg,dead_heart
223,200224.jpg,normal
224,200225.jpg,normal
225,200226.jpg,bacterial_leaf_blight
226,200227.jpg,dead_heart
227,200228.jpg,normal
228,200229.jpg,hispa
229,200230.jpg,hispa
230,200231.jpg,bacterial_leaf_blight
231,200232.jpg,downy_mildew
232,200233.jpg,blast
233,200234.jpg,normal
234,200235.jpg,normal
235,200236.jpg,normal
236,200237.jpg,normal
237,200238.jpg,normal
238,200239.jpg,hispa
239,200240.jpg,normal
240,200241.jpg,brown_spot
241,200242.jpg,brown_spot
242,200243.jpg,normal
243,200244.jpg,hispa
244,200245.jpg,downy_mildew
245,200246.jpg,normal
246,200247.jpg,normal
247,200248.jpg,normal
248,200249.jpg,bacterial_panicle_blight
249,200250.jpg,blast
250,200251.jpg,normal
251,200252.jpg,brown_spot
252,200253.jpg,bacterial_leaf_blight
253,200254.jpg,dead_heart
254,200255.jpg,blast
255,200256.jpg,normal
256,200257.jpg,normal
257,200258.jpg,downy_mildew
258,200259.jpg,dead_heart
259,200260.jpg,blast
260,200261.jpg,brown_spot
261,200262.jpg,normal
262,200263.jpg,bacterial_leaf_blight
263,200264.jpg,normal
264,200265.jpg,normal
265,200266.jpg,blast
266,200267.jpg,normal
267,200268.jpg,downy_mildew
268,200269.jpg,normal
269,200270.jpg,normal
270,200271.jpg,normal
271,200272.jpg,normal
272,200273.jpg,brown_spot
273,200274.jpg,downy_mildew
274,200275.jpg,normal
275,200276.jpg,dead_heart
276,200277.jpg,downy_mildew
277,200278.jpg,bacterial_leaf_blight
278,200279.jpg,normal
279,200280.jpg,normal
280,200281.jpg,brown_spot
281,200282.jpg,normal
282,200283.jpg,hispa
283,200284.jpg,tungro
284,200285.jpg,downy_mildew
285,200286.jpg,normal
286,200287.jpg,bacterial_panicle_blight
287,200288.jpg,downy_mildew
288,200289.jpg,normal
289,200290.jpg,normal
290,200291.jpg,bacterial_leaf_blight
291,200292.jpg,blast
292,200293.jpg,downy_mildew
293,200294.jpg,normal
294,200295.jpg,downy_mildew
295,200296.jpg,normal
296,200297.jpg,downy_mildew
297,200298.jpg,bacterial_leaf_blight
298,200299.jpg,normal
299,200300.jpg,downy_mildew
300,200301.jpg,hispa
301,200302.jpg,normal
302,200303.jpg,normal
303,200304.jpg,normal
304,200305.jpg,dead_heart
305,200306.jpg,blast
306,200307.jpg,normal
307,200308.jpg,normal
308,200309.jpg,bacterial_leaf_blight
309,200310.jpg,normal
310,200311.jpg,normal
311,200312.jpg,normal
312,200313.jpg,normal
313,200314.jpg,downy_mildew
314,200315.jpg,tungro
315,200316.jpg,blast
316,200317.jpg,hispa
317,200318.jpg,bacterial_panicle_blight
318,200319.jpg,normal
319,200320.jpg,normal
320,200321.jpg,downy_mildew
321,200322.jpg,downy_mildew
322,200323.jpg,normal
323,200324.jpg,normal
324,200325.jpg,normal
325,200326.jpg,normal
326,200327.jpg,dead_heart
327,200328.jpg,normal
328,200329.jpg,downy_mildew
329,200330.jpg,normal
330,200331.jpg,normal
331,200332.jpg,blast
332,200333.jpg,normal
333,200334.jpg,bacterial_leaf_blight
334,200335.jpg,bacterial_panicle_blight
335,200336.jpg,blast
336,200337.jpg,normal
337,200338.jpg,hispa
338,200339.jpg,dead_heart
339,200340.jpg,downy_mildew
340,200341.jpg,normal
341,200342.jpg,normal
342,200343.jpg,bacterial_leaf_blight
343,200344.jpg,normal
344,200345.jpg,blast
345,200346.jpg,downy_mildew
346,200347.jpg,downy_mildew
347,200348.jpg,bacterial_leaf_blight
348,200349.jpg,normal
349,200350.jpg,bacterial_panicle_blight
350,200351.jpg,hispa
351,200352.jpg,brown_spot
352,200353.jpg,blast
353,200354.jpg,normal
354,200355.jpg,blast
355,200356.jpg,normal
356,200357.jpg,dead_heart
357,200358.jpg,normal
358,200359.jpg,normal
359,200360.jpg,normal
360,200361.jpg,brown_spot
361,200362.jpg,dead_heart
362,200363.jpg,normal
363,200364.jpg,dead_heart
364,200365.jpg,normal
365,200366.jpg,bacterial_leaf_blight
366,200367.jpg,normal
367,200368.jpg,bacterial_panicle_blight
368,200369.jpg,blast
369,200370.jpg,bacterial_leaf_blight
370,200371.jpg,tungro
371,200372.jpg,normal
372,200373.jpg,normal
373,200374.jpg,blast
374,200375.jpg,normal
375,200376.jpg,normal
376,200377.jpg,normal
377,200378.jpg,dead_heart
378,200379.jpg,normal
379,200380.jpg,normal
380,200381.jpg,downy_mildew
381,200382.jpg,normal
382,200383.jpg,normal
383,200384.jpg,blast
384,200385.jpg,hispa
385,200386.jpg,normal
386,200387.jpg,blast
387,200388.jpg,bacterial_leaf_blight
388,200389.jpg,dead_heart
389,200390.jpg,normal
390,200391.jpg,downy_mildew
391,200392.jpg,normal
392,200393.jpg,normal
393,200394.jpg,normal
394,200395.jpg,hispa
395,200396.jpg,bacterial_leaf_blight
396,200397.jpg,blast
397,200398.jpg,normal
398,200399.jpg,dead_heart
399,200400.jpg,normal
400,200401.jpg,bacterial_panicle_blight
401,200402.jpg,downy_mildew
402,200403.jpg,downy_mildew
403,200404.jpg,normal
404,200405.jpg,bacterial_leaf_blight
405,200406.jpg,normal
406,200407.jpg,normal
407,200408.jpg,dead_heart
408,200409.jpg,normal
409,200410.jpg,brown_spot
410,200411.jpg,downy_mildew
411,200412.jpg,normal
412,200413.jpg,hispa
413,200414.jpg,dead_heart
414,200415.jpg,dead_heart
415,200416.jpg,normal
416,200417.jpg,downy_mildew
417,200418.jpg,downy_mildew
418,200419.jpg,normal
419,200420.jpg,tungro
420,200421.jpg,normal
421,200422.jpg,normal
422,200423.jpg,normal
423,200424.jpg,downy_mildew
424,200425.jpg,normal
425,200426.jpg,downy_mildew
426,200427.jpg,normal
427,200428.jpg,downy_mildew
428,200429.jpg,bacterial_panicle_blight
429,200430.jpg,normal
430,200431.jpg,normal
431,200432.jpg,normal
432,200433.jpg,downy_mildew
433,200434.jpg,normal
434,200435.jpg,normal
435,200436.jpg,downy_mildew
436,200437.jpg,normal
437,200438.jpg,bacterial_panicle_blight
438,200439.jpg,normal
439,200440.jpg,normal
440,200441.jpg,blast
441,200442.jpg,dead_heart
442,200443.jpg,bacterial_panicle_blight
443,200444.jpg,downy_mildew
444,200445.jpg,hispa
445,200446.jpg,blast
446,200447.jpg,downy_mildew
447,200448.jpg,normal
448,200449.jpg,blast
449,200450.jpg,dead_heart
450,200451.jpg,dead_heart
451,200452.jpg,brown_spot
452,200453.jpg,tungro
453,200454.jpg,downy_mildew
454,200455.jpg,normal
455,200456.jpg,blast
456,200457.jpg,hispa
457,200458.jpg,dead_heart
458,200459.jpg,normal
459,200460.jpg,normal
460,200461.jpg,normal
461,200462.jpg,normal
462,200463.jpg,blast
463,200464.jpg,downy_mildew
464,200465.jpg,bacterial_leaf_blight
465,200466.jpg,bacterial_leaf_blight
466,200467.jpg,normal
467,200468.jpg,bacterial_leaf_streak
468,200469.jpg,downy_mildew
469,200470.jpg,normal
470,200471.jpg,normal
471,200472.jpg,normal
472,200473.jpg,normal
473,200474.jpg,downy_mildew
474,200475.jpg,brown_spot
475,200476.jpg,dead_heart
476,200477.jpg,normal
477,200478.jpg,blast
478,200479.jpg,downy_mildew
479,200480.jpg,bacterial_leaf_blight
480,200481.jpg,normal
481,200482.jpg,bacterial_panicle_blight
482,200483.jpg,dead_heart
483,200484.jpg,bacterial_leaf_blight
484,200485.jpg,tungro
485,200486.jpg,bacterial_panicle_blight
486,200487.jpg,hispa
487,200488.jpg,hispa
488,200489.jpg,normal
489,200490.jpg,hispa
490,200491.jpg,tungro
491,200492.jpg,bacterial_leaf_blight
492,200493.jpg,dead_heart
493,200494.jpg,normal
494,200495.jpg,tungro
495,200496.jpg,normal
496,200497.jpg,normal
497,200498.jpg,normal
498,200499.jpg,normal
499,200500.jpg,normal
500,200501.jpg,bacterial_leaf_blight
501,200502.jpg,normal
502,200503.jpg,downy_mildew
503,200504.jpg,tungro
504,200505.jpg,hispa
505,200506.jpg,bacterial_panicle_blight
506,200507.jpg,normal
507,200508.jpg,dead_heart
508,200509.jpg,tungro
509,200510.jpg,bacterial_leaf_blight
510,200511.jpg,bacterial_leaf_blight
511,200512.jpg,hispa
512,200513.jpg,normal
513,200514.jpg,normal
514,200515.jpg,bacterial_leaf_blight
515,200516.jpg,downy_mildew
516,200517.jpg,downy_mildew
517,200518.jpg,hispa
518,200519.jpg,brown_spot
519,200520.jpg,downy_mildew
520,200521.jpg,blast
521,200522.jpg,bacterial_leaf_blight
522,200523.jpg,normal
523,200524.jpg,normal
524,200525.jpg,normal
525,200526.jpg,normal
526,200527.jpg,normal
527,200528.jpg,dead_heart
528,200529.jpg,hispa
529,200530.jpg,brown_spot
530,200531.jpg,normal
531,200532.jpg,downy_mildew
532,200533.jpg,normal
533,200534.jpg,blast
534,200535.jpg,normal
535,200536.jpg,blast
536,200537.jpg,normal
537,200538.jpg,hispa
538,200539.jpg,blast
539,200540.jpg,bacterial_leaf_blight
540,200541.jpg,normal
541,200542.jpg,normal
542,200543.jpg,bacterial_leaf_blight
543,200544.jpg,downy_mildew
544,200545.jpg,dead_heart
545,200546.jpg,normal
546,200547.jpg,hispa
547,200548.jpg,normal
548,200549.jpg,dead_heart
549,200550.jpg,bacterial_leaf_blight
550,200551.jpg,downy_mildew
551,200552.jpg,downy_mildew
552,200553.jpg,normal
553,200554.jpg,normal
554,200555.jpg,downy_mildew
555,200556.jpg,bacterial_panicle_blight
556,200557.jpg,normal
557,200558.jpg,blast
558,200559.jpg,bacterial_panicle_blight
559,200560.jpg,normal
560,200561.jpg,bacterial_leaf_blight
561,200562.jpg,normal
562,200563.jpg,normal
563,200564.jpg,downy_mildew
564,200565.jpg,normal
565,200566.jpg,blast
566,200567.jpg,downy_mildew
567,200568.jpg,normal
568,200569.jpg,bacterial_leaf_blight
569,200570.jpg,normal
570,200571.jpg,normal
571,200572.jpg,normal
572,200573.jpg,bacterial_leaf_blight
573,200574.jpg,normal
574,200575.jpg,downy_mildew
575,200576.jpg,brown_spot
576,200577.jpg,bacterial_leaf_blight
577,200578.jpg,downy_mildew
578,200579.jpg,dead_heart
579,200580.jpg,normal
580,200581.jpg,normal
581,200582.jpg,blast
582,200583.jpg,downy_mildew
583,200584.jpg,bacterial_panicle_blight
584,200585.jpg,normal
585,200586.jpg,bacterial_panicle_blight
586,200587.jpg,downy_mildew
587,200588.jpg,blast
588,200589.jpg,normal
589,200590.jpg,dead_heart
590,200591.jpg,normal
591,200592.jpg,downy_mildew
592,200593.jpg,bacterial_leaf_blight
593,200594.jpg,dead_heart
594,200595.jpg,normal
595,200596.jpg,normal
596,200597.jpg,normal
597,200598.jpg,dead_heart
598,200599.jpg,bacterial_panicle_blight
599,200600.jpg,downy_mildew
600,200601.jpg,normal
601,200602.jpg,dead_heart
602,200603.jpg,dead_heart
603,200604.jpg,normal
604,200605.jpg,bacterial_leaf_blight
605,200606.jpg,downy_mildew
606,200607.jpg,normal
607,200608.jpg,downy_mildew
608,200609.jpg,normal
609,200610.jpg,bacterial_leaf_blight
610,200611.jpg,bacterial_leaf_blight
611,200612.jpg,normal
612,200613.jpg,normal
613,200614.jpg,downy_mildew
614,200615.jpg,bacterial_leaf_blight
615,200616.jpg,brown_spot
616,200617.jpg,normal
617,200618.jpg,downy_mildew
618,200619.jpg,normal
619,200620.jpg,normal
620,200621.jpg,normal
621,200622.jpg,blast
622,200623.jpg,normal
623,200624.jpg,normal
624,200625.jpg,normal
625,200626.jpg,normal
626,200627.jpg,bacterial_leaf_blight
627,200628.jpg,blast
628,200629.jpg,blast
629,200630.jpg,brown_spot
630,200631.jpg,normal
631,200632.jpg,bacterial_panicle_blight
632,200633.jpg,brown_spot
633,200634.jpg,normal
634,200635.jpg,normal
635,200636.jpg,downy_mildew
636,200637.jpg,normal
637,200638.jpg,normal
638,200639.jpg,normal
639,200640.jpg,bacterial_leaf_blight
640,200641.jpg,normal
641,200642.jpg,bacterial_leaf_blight
642,200643.jpg,downy_mildew
643,200644.jpg,downy_mildew
644,200645.jpg,normal
645,200646.jpg,normal
646,200647.jpg,normal
647,200648.jpg,normal
648,200649.jpg,hispa
649,200650.jpg,normal
650,200651.jpg,hispa
651,200652.jpg,brown_spot
652,200653.jpg,normal
653,200654.jpg,blast
654,200655.jpg,brown_spot
655,200656.jpg,downy_mildew
656,200657.jpg,blast
657,200658.jpg,blast
658,200659.jpg,hispa
659,200660.jpg,bacterial_leaf_blight
660,200661.jpg,normal
661,200662.jpg,brown_spot
662,200663.jpg,downy_mildew
663,200664.jpg,normal
664,200665.jpg,normal
665,200666.jpg,hispa
666,200667.jpg,normal
667,200668.jpg,normal
668,200669.jpg,downy_mildew
669,200670.jpg,normal
670,200671.jpg,normal
671,200672.jpg,bacterial_panicle_blight
672,200673.jpg,downy_mildew
673,200674.jpg,normal
674,200675.jpg,hispa
675,200676.jpg,normal
676,200677.jpg,normal
677,200678.jpg,normal
678,200679.jpg,normal
679,200680.jpg,normal
680,200681.jpg,normal
681,200682.jpg,normal
682,200683.jpg,downy_mildew
683,200684.jpg,normal
684,200685.jpg,normal
685,200686.jpg,tungro
686,200687.jpg,dead_heart
687,200688.jpg,bacterial_leaf_blight
688,200689.jpg,dead_heart
689,200690.jpg,normal
690,200691.jpg,dead_heart
691,200692.jpg,dead_heart
692,200693.jpg,blast
693,200694.jpg,normal
694,200695.jpg,normal
695,200696.jpg,normal
696,200697.jpg,bacterial_leaf_blight
697,200698.jpg,normal
698,200699.jpg,hispa
699,200700.jpg,normal
700,200701.jpg,blast
701,200702.jpg,normal
702,200703.jpg,normal
703,200704.jpg,bacterial_leaf_blight
704,200705.jpg,tungro
705,200706.jpg,downy_mildew
706,200707.jpg,bacterial_leaf_blight
707,200708.jpg,normal
708,200709.jpg,tungro
709,200710.jpg,normal
710,200711.jpg,normal
711,200712.jpg,normal
712,200713.jpg,normal
713,200714.jpg,hispa
714,200715.jpg,normal
715,200716.jpg,brown_spot
716,200717.jpg,normal
717,200718.jpg,normal
718,200719.jpg,normal
719,200720.jpg,bacterial_panicle_blight
720,200721.jpg,dead_heart
721,200722.jpg,downy_mildew
722,200723.jpg,hispa
723,200724.jpg,blast
724,200725.jpg,downy_mildew
725,200726.jpg,bacterial_panicle_blight
726,200727.jpg,blast
727,200728.jpg,brown_spot
728,200729.jpg,normal
729,200730.jpg,bacterial_leaf_streak
730,200731.jpg,normal
731,200732.jpg,normal
732,200733.jpg,blast
733,200734.jpg,normal
734,200735.jpg,bacterial_leaf_blight
735,200736.jpg,dead_heart
736,200737.jpg,normal
737,200738.jpg,dead_heart
738,200739.jpg,downy_mildew
739,200740.jpg,normal
740,200741.jpg,dead_heart
741,200742.jpg,normal
742,200743.jpg,normal
743,200744.jpg,blast
744,200745.jpg,bacterial_leaf_blight
745,200746.jpg,normal
746,200747.jpg,downy_mildew
747,200748.jpg,hispa
748,200749.jpg,normal
749,200750.jpg,bacterial_leaf_blight
750,200751.jpg,normal
751,200752.jpg,normal
752,200753.jpg,normal
753,200754.jpg,brown_spot
754,200755.jpg,normal
755,200756.jpg,normal
756,200757.jpg,downy_mildew
757,200758.jpg,bacterial_panicle_blight
758,200759.jpg,blast
759,200760.jpg,bacterial_leaf_blight
760,200761.jpg,downy_mildew
761,200762.jpg,normal
762,200763.jpg,normal
763,200764.jpg,dead_heart
764,200765.jpg,downy_mildew
765,200766.jpg,downy_mildew
766,200767.jpg,blast
767,200768.jpg,dead_heart
768,200769.jpg,normal
769,200770.jpg,hispa
770,200771.jpg,normal
771,200772.jpg,downy_mildew
772,200773.jpg,bacterial_panicle_blight
773,200774.jpg,normal
774,200775.jpg,normal
775,200776.jpg,downy_mildew
776,200777.jpg,bacterial_leaf_blight
777,200778.jpg,blast
778,200779.jpg,downy_mildew
779,200780.jpg,dead_heart
780,200781.jpg,normal
781,200782.jpg,normal
782,200783.jpg,hispa
783,200784.jpg,bacterial_panicle_blight
784,200785.jpg,blast
785,200786.jpg,hispa
786,200787.jpg,bacterial_leaf_blight
787,200788.jpg,normal
788,200789.jpg,brown_spot
789,200790.jpg,brown_spot
790,200791.jpg,normal
791,200792.jpg,bacterial_leaf_blight
792,200793.jpg,downy_mildew
793,200794.jpg,normal
794,200795.jpg,normal
795,200796.jpg,normal
796,200797.jpg,normal
797,200798.jpg,blast
798,200799.jpg,dead_heart
799,200800.jpg,hispa
800,200801.jpg,hispa
801,200802.jpg,normal
802,200803.jpg,normal
803,200804.jpg,normal
804,200805.jpg,normal
805,200806.jpg,normal
806,200807.jpg,blast
807,200808.jpg,bacterial_panicle_blight
808,200809.jpg,normal
809,200810.jpg,hispa
810,200811.jpg,dead_heart
811,200812.jpg,normal
812,200813.jpg,downy_mildew
813,200814.jpg,downy_mildew
814,200815.jpg,downy_mildew
815,200816.jpg,downy_mildew
816,200817.jpg,blast
817,200818.jpg,normal
818,200819.jpg,blast
819,200820.jpg,normal
820,200821.jpg,bacterial_panicle_blight
821,200822.jpg,downy_mildew
822,200823.jpg,bacterial_panicle_blight
823,200824.jpg,bacterial_panicle_blight
824,200825.jpg,normal
825,200826.jpg,tungro
826,200827.jpg,normal
827,200828.jpg,normal
828,200829.jpg,normal
829,200830.jpg,normal
830,200831.jpg,bacterial_panicle_blight
831,200832.jpg,normal
832,200833.jpg,blast
833,200834.jpg,normal
834,200835.jpg,downy_mildew
835,200836.jpg,hispa
836,200837.jpg,normal
837,200838.jpg,tungro
838,200839.jpg,brown_spot
839,200840.jpg,normal
840,200841.jpg,downy_mildew
841,200842.jpg,dead_heart
842,200843.jpg,normal
843,200844.jpg,normal
844,200845.jpg,normal
845,200846.jpg,normal
846,200847.jpg,bacterial_panicle_blight
847,200848.jpg,normal
848,200849.jpg,bacterial_panicle_blight
849,200850.jpg,normal
850,200851.jpg,normal
851,200852.jpg,downy_mildew
852,200853.jpg,brown_spot
853,200854.jpg,brown_spot
854,200855.jpg,dead_heart
855,200856.jpg,normal
856,200857.jpg,downy_mildew
857,200858.jpg,normal
858,200859.jpg,normal
859,200860.jpg,normal
860,200861.jpg,normal
861,200862.jpg,brown_spot
862,200863.jpg,downy_mildew
863,200864.jpg,bacterial_leaf_blight
864,200865.jpg,downy_mildew
865,200866.jpg,normal
866,200867.jpg,tungro
867,200868.jpg,normal
868,200869.jpg,hispa
869,200870.jpg,normal
870,200871.jpg,normal
871,200872.jpg,normal
872,200873.jpg,normal
873,200874.jpg,bacterial_leaf_streak
874,200875.jpg,normal
875,200876.jpg,brown_spot
876,200877.jpg,normal
877,200878.jpg,downy_mildew
878,200879.jpg,normal
879,200880.jpg,hispa
880,200881.jpg,blast
881,200882.jpg,bacterial_leaf_blight
882,200883.jpg,normal
883,200884.jpg,tungro
884,200885.jpg,downy_mildew
885,200886.jpg,dead_heart
886,200887.jpg,normal
887,200888.jpg,brown_spot
888,200889.jpg,bacterial_leaf_blight
889,200890.jpg,bacterial_panicle_blight
890,200891.jpg,normal
891,200892.jpg,normal
892,200893.jpg,blast
893,200894.jpg,normal
894,200895.jpg,downy_mildew
895,200896.jpg,normal
896,200897.jpg,brown_spot
897,200898.jpg,downy_mildew
898,200899.jpg,dead_heart
899,200900.jpg,normal
900,200901.jpg,normal
901,200902.jpg,hispa
902,200903.jpg,normal
903,200904.jpg,bacterial_panicle_blight
904,200905.jpg,bacterial_leaf_blight
905,200906.jpg,downy_mildew
906,200907.jpg,normal
907,200908.jpg,bacterial_leaf_blight
908,200909.jpg,normal
909,200910.jpg,tungro
910,200911.jpg,hispa
911,200912.jpg,dead_heart
912,200913.jpg,bacterial_panicle_blight
913,200914.jpg,normal
914,200915.jpg,downy_mildew
915,200916.jpg,normal
916,200917.jpg,normal
917,200918.jpg,tungro
918,200919.jpg,bacterial_panicle_blight
919,200920.jpg,tungro
920,200921.jpg,normal
921,200922.jpg,normal
922,200923.jpg,normal
923,200924.jpg,blast
924,200925.jpg,blast
925,200926.jpg,normal
926,200927.jpg,normal
927,200928.jpg,normal
928,200929.jpg,downy_mildew
929,200930.jpg,tungro
930,200931.jpg,dead_heart
931,200932.jpg,dead_heart
932,200933.jpg,bacterial_leaf_blight
933,200934.jpg,normal
934,200935.jpg,normal
935,200936.jpg,normal
936,200937.jpg,normal
937,200938.jpg,brown_spot
938,200939.jpg,blast
939,200940.jpg,hispa
940,200941.jpg,normal
941,200942.jpg,tungro
942,200943.jpg,hispa
943,200944.jpg,normal
944,200945.jpg,dead_heart
945,200946.jpg,bacterial_leaf_blight
946,200947.jpg,normal
947,200948.jpg,normal
948,200949.jpg,blast
949,200950.jpg,normal
950,200951.jpg,bacterial_panicle_blight
951,200952.jpg,normal
952,200953.jpg,normal
953,200954.jpg,brown_spot
954,200955.jpg,downy_mildew
955,200956.jpg,blast
956,200957.jpg,bacterial_leaf_blight
957,200958.jpg,normal
958,200959.jpg,tungro
959,200960.jpg,bacterial_leaf_blight
960,200961.jpg,bacterial_panicle_blight
961,200962.jpg,brown_spot
962,200963.jpg,normal
963,200964.jpg,brown_spot
964,200965.jpg,downy_mildew
965,200966.jpg,dead_heart
966,200967.jpg,normal
967,200968.jpg,blast
968,200969.jpg,tungro
969,200970.jpg,downy_mildew
970,200971.jpg,normal
971,200972.jpg,normal
972,200973.jpg,hispa
973,200974.jpg,hispa
974,200975.jpg,blast
975,200976.jpg,brown_spot
976,200977.jpg,normal
977,200978.jpg,bacterial_leaf_blight
978,200979.jpg,normal
979,200980.jpg,normal
980,200981.jpg,normal
981,200982.jpg,tungro
982,200983.jpg,blast
983,200984.jpg,brown_spot
984,200985.jpg,downy_mildew
985,200986.jpg,brown_spot
986,200987.jpg,blast
987,200988.jpg,normal
988,200989.jpg,hispa
989,200990.jpg,normal
990,200991.jpg,downy_mildew
991,200992.jpg,normal
992,200993.jpg,normal
993,200994.jpg,downy_mildew
994,200995.jpg,brown_spot
995,200996.jpg,brown_spot
996,200997.jpg,dead_heart
997,200998.jpg,hispa
998,200999.jpg,normal
999,201000.jpg,hispa
1000,201001.jpg,downy_mildew
1001,201002.jpg,normal
1002,201003.jpg,normal
1003,201004.jpg,normal
1004,201005.jpg,bacterial_panicle_blight
1005,201006.jpg,normal
1006,201007.jpg,downy_mildew
1007,201008.jpg,dead_heart
1008,201009.jpg,downy_mildew
1009,201010.jpg,normal
1010,201011.jpg,normal
1011,201012.jpg,normal
1012,201013.jpg,downy_mildew
1013,201014.jpg,downy_mildew
1014,201015.jpg,brown_spot
1015,201016.jpg,hispa
1016,201017.jpg,normal
1017,201018.jpg,normal
1018,201019.jpg,normal
1019,201020.jpg,normal
1020,201021.jpg,brown_spot
1021,201022.jpg,downy_mildew
1022,201023.jpg,tungro
1023,201024.jpg,normal
1024,201025.jpg,bacterial_panicle_blight
1025,201026.jpg,bacterial_leaf_blight
1026,201027.jpg,blast
1027,201028.jpg,bacterial_leaf_blight
1028,201029.jpg,hispa
1029,201030.jpg,normal
1030,201031.jpg,bacterial_leaf_streak
1031,201032.jpg,normal
1032,201033.jpg,normal
1033,201034.jpg,hispa
1034,201035.jpg,normal
1035,201036.jpg,normal
1036,201037.jpg,normal
1037,201038.jpg,hispa
1038,201039.jpg,normal
1039,201040.jpg,downy_mildew
1040,201041.jpg,bacterial_panicle_blight
1041,201042.jpg,normal
1042,201043.jpg,downy_mildew
1043,201044.jpg,brown_spot
1044,201045.jpg,hispa
1045,201046.jpg,downy_mildew
1046,201047.jpg,blast
1047,201048.jpg,hispa
1048,201049.jpg,normal
1049,201050.jpg,blast
1050,201051.jpg,brown_spot
1051,201052.jpg,brown_spot
1052,201053.jpg,downy_mildew
1053,201054.jpg,normal
1054,201055.jpg,normal
1055,201056.jpg,downy_mildew
1056,201057.jpg,tungro
1057,201058.jpg,hispa
1058,201059.jpg,downy_mildew
1059,201060.jpg,hispa
1060,201061.jpg,normal
1061,201062.jpg,hispa
1062,201063.jpg,normal
1063,201064.jpg,normal
1064,201065.jpg,normal
1065,201066.jpg,bacterial_leaf_blight
1066,201067.jpg,blast
1067,201068.jpg,tungro
1068,201069.jpg,downy_mildew
1069,201070.jpg,normal
1070,201071.jpg,normal
1071,201072.jpg,normal
1072,201073.jpg,normal
1073,201074.jpg,normal
1074,201075.jpg,normal
1075,201076.jpg,blast
1076,201077.jpg,normal
1077,201078.jpg,normal
1078,201079.jpg,normal
1079,201080.jpg,bacterial_panicle_blight
1080,201081.jpg,normal
1081,201082.jpg,bacterial_leaf_blight
1082,201083.jpg,normal
1083,201084.jpg,normal
1084,201085.jpg,tungro
1085,201086.jpg,downy_mildew
1086,201087.jpg,dead_heart
1087,201088.jpg,normal
1088,201089.jpg,normal
1089,201090.jpg,downy_mildew
1090,201091.jpg,bacterial_leaf_blight
1091,201092.jpg,blast
1092,201093.jpg,normal
1093,201094.jpg,bacterial_leaf_blight
1094,201095.jpg,tungro
1095,201096.jpg,dead_heart
1096,201097.jpg,normal
1097,201098.jpg,downy_mildew
1098,201099.jpg,brown_spot
1099,201100.jpg,normal
1100,201101.jpg,dead_heart
1101,201102.jpg,dead_heart
1102,201103.jpg,blast
1103,201104.jpg,normal
1104,201105.jpg,bacterial_panicle_blight
1105,201106.jpg,downy_mildew
1106,201107.jpg,hispa
1107,201108.jpg,blast
1108,201109.jpg,downy_mildew
1109,201110.jpg,normal
1110,201111.jpg,downy_mildew
1111,201112.jpg,blast
1112,201113.jpg,normal
1113,201114.jpg,normal
1114,201115.jpg,normal
1115,201116.jpg,bacterial_leaf_blight
1116,201117.jpg,normal
1117,201118.jpg,blast
1118,201119.jpg,normal
1119,201120.jpg,blast
1120,201121.jpg,normal
1121,201122.jpg,normal
1122,201123.jpg,normal
1123,201124.jpg,tungro
1124,201125.jpg,tungro
1125,201126.jpg,normal
1126,201127.jpg,downy_mildew
1127,201128.jpg,normal
1128,201129.jpg,normal
1129,201130.jpg,normal
1130,201131.jpg,downy_mildew
1131,201132.jpg,normal
1132,201133.jpg,hispa
1133,201134.jpg,normal
1134,201135.jpg,downy_mildew
1135,201136.jpg,dead_heart
1136,201137.jpg,downy_mildew
1137,201138.jpg,normal
1138,201139.jpg,brown_spot
1139,201140.jpg,downy_mildew
1140,201141.jpg,downy_mildew
1141,201142.jpg,normal
1142,201143.jpg,normal
1143,201144.jpg,tungro
1144,201145.jpg,normal
1145,201146.jpg,normal
1146,201147.jpg,normal
1147,201148.jpg,bacterial_leaf_blight
1148,201149.jpg,normal
1149,201150.jpg,normal
1150,201151.jpg,normal
1151,201152.jpg,dead_heart
1152,201153.jpg,brown_spot
1153,201154.jpg,dead_heart
1154,201155.jpg,dead_heart
1155,201156.jpg,normal
1156,201157.jpg,bacterial_panicle_blight
1157,201158.jpg,normal
1158,201159.jpg,normal
1159,201160.jpg,blast
1160,201161.jpg,blast
1161,201162.jpg,blast
1162,201163.jpg,hispa
1163,201164.jpg,normal
1164,201165.jpg,hispa
1165,201166.jpg,dead_heart
1166,201167.jpg,normal
1167,201168.jpg,brown_spot
1168,201169.jpg,hispa
1169,201170.jpg,normal
1170,201171.jpg,normal
1171,201172.jpg,downy_mildew
1172,201173.jpg,normal
1173,201174.jpg,brown_spot
1174,201175.jpg,normal
1175,201176.jpg,downy_mildew
1176,201177.jpg,normal
1177,201178.jpg,brown_spot
1178,201179.jpg,normal
1179,201180.jpg,downy_mildew
1180,201181.jpg,dead_heart
1181,201182.jpg,normal
1182,201183.jpg,normal
1183,201184.jpg,tungro
1184,201185.jpg,normal
1185,201186.jpg,downy_mildew
1186,201187.jpg,normal
1187,201188.jpg,hispa
1188,201189.jpg,downy_mildew
1189,201190.jpg,blast
1190,201191.jpg,normal
1191,201192.jpg,normal
1192,201193.jpg,normal
1193,201194.jpg,normal
1194,201195.jpg,normal
1195,201196.jpg,normal
1196,201197.jpg,bacterial_leaf_streak
1197,201198.jpg,downy_mildew
1198,201199.jpg,blast
1199,201200.jpg,hispa
1200,201201.jpg,blast
1201,201202.jpg,normal
1202,201203.jpg,brown_spot
1203,201204.jpg,normal
1204,201205.jpg,downy_mildew
1205,201206.jpg,normal
1206,201207.jpg,dead_heart
1207,201208.jpg,normal
1208,201209.jpg,normal
1209,201210.jpg,normal
1210,201211.jpg,bacterial_panicle_blight
1211,201212.jpg,blast
1212,201213.jpg,hispa
1213,201214.jpg,normal
1214,201215.jpg,normal
1215,201216.jpg,normal
1216,201217.jpg,downy_mildew
1217,201218.jpg,downy_mildew
1218,201219.jpg,dead_heart
1219,201220.jpg,dead_heart
1220,201221.jpg,brown_spot
1221,201222.jpg,normal
1222,201223.jpg,downy_mildew
1223,201224.jpg,brown_spot
1224,201225.jpg,tungro
1225,201226.jpg,normal
1226,201227.jpg,normal
1227,201228.jpg,normal
1228,201229.jpg,normal
1229,201230.jpg,normal
1230,201231.jpg,normal
1231,201232.jpg,tungro
1232,201233.jpg,brown_spot
1233,201234.jpg,normal
1234,201235.jpg,normal
1235,201236.jpg,normal
1236,201237.jpg,bacterial_panicle_blight
1237,201238.jpg,tungro
1238,201239.jpg,normal
1239,201240.jpg,bacterial_leaf_streak
1240,201241.jpg,normal
1241,201242.jpg,downy_mildew
1242,201243.jpg,normal
1243,201244.jpg,normal
1244,201245.jpg,blast
1245,201246.jpg,normal
1246,201247.jpg,normal
1247,201248.jpg,downy_mildew
1248,201249.jpg,hispa
1249,201250.jpg,hispa
1250,201251.jpg,normal
1251,201252.jpg,normal
1252,201253.jpg,dead_heart
1253,201254.jpg,bacterial_leaf_blight
1254,201255.jpg,hispa
1255,201256.jpg,tungro
1256,201257.jpg,brown_spot
1257,201258.jpg,hispa
1258,201259.jpg,normal
1259,201260.jpg,normal
1260,201261.jpg,hispa
1261,201262.jpg,downy_mildew
1262,201263.jpg,normal
1263,201264.jpg,normal
1264,201265.jpg,normal
1265,201266.jpg,downy_mildew
1266,201267.jpg,normal
1267,201268.jpg,normal
1268,201269.jpg,normal
1269,201270.jpg,normal
1270,201271.jpg,blast
1271,201272.jpg,hispa
1272,201273.jpg,normal
1273,201274.jpg,hispa
1274,201275.jpg,bacterial_leaf_blight
1275,201276.jpg,dead_heart
1276,201277.jpg,dead_heart
1277,201278.jpg,hispa
1278,201279.jpg,bacterial_leaf_blight
1279,201280.jpg,normal
1280,201281.jpg,normal
1281,201282.jpg,dead_heart
1282,201283.jpg,bacterial_panicle_blight
1283,201284.jpg,brown_spot
1284,201285.jpg,hispa
1285,201286.jpg,downy_mildew
1286,201287.jpg,normal
1287,201288.jpg,normal
1288,201289.jpg,normal
1289,201290.jpg,dead_heart
1290,201291.jpg,normal
1291,201292.jpg,brown_spot
1292,201293.jpg,bacterial_leaf_blight
1293,201294.jpg,normal
1294,201295.jpg,blast
1295,201296.jpg,downy_mildew
1296,201297.jpg,normal
1297,201298.jpg,normal
1298,201299.jpg,normal
1299,201300.jpg,bacterial_panicle_blight
1300,201301.jpg,normal
1301,201302.jpg,brown_spot
1302,201303.jpg,bacterial_leaf_blight
1303,201304.jpg,bacterial_panicle_blight
1304,201305.jpg,bacterial_panicle_blight
1305,201306.jpg,tungro
1306,201307.jpg,normal
1307,201308.jpg,normal
1308,201309.jpg,downy_mildew
1309,201310.jpg,tungro
1310,201311.jpg,hispa
1311,201312.jpg,tungro
1312,201313.jpg,normal
1313,201314.jpg,tungro
1314,201315.jpg,blast
1315,201316.jpg,normal
1316,201317.jpg,normal
1317,201318.jpg,normal
1318,201319.jpg,downy_mildew
1319,201320.jpg,downy_mildew
1320,201321.jpg,normal
1321,201322.jpg,hispa
1322,201323.jpg,blast
1323,201324.jpg,dead_heart
1324,201325.jpg,bacterial_leaf_blight
1325,201326.jpg,normal
1326,201327.jpg,dead_heart
1327,201328.jpg,bacterial_panicle_blight
1328,201329.jpg,hispa
1329,201330.jpg,normal
1330,201331.jpg,dead_heart
1331,201332.jpg,blast
1332,201333.jpg,normal
1333,201334.jpg,downy_mildew
1334,201335.jpg,blast
1335,201336.jpg,downy_mildew
1336,201337.jpg,blast
1337,201338.jpg,hispa
1338,201339.jpg,normal
1339,201340.jpg,bacterial_leaf_blight
1340,201341.jpg,brown_spot
1341,201342.jpg,downy_mildew
1342,201343.jpg,hispa
1343,201344.jpg,dead_heart
1344,201345.jpg,normal
1345,201346.jpg,blast
1346,201347.jpg,downy_mildew
1347,201348.jpg,normal
1348,201349.jpg,normal
1349,201350.jpg,brown_spot
1350,201351.jpg,hispa
1351,201352.jpg,downy_mildew
1352,201353.jpg,bacterial_panicle_blight
1353,201354.jpg,normal
1354,201355.jpg,dead_heart
1355,201356.jpg,bacterial_panicle_blight
1356,201357.jpg,blast
1357,201358.jpg,brown_spot
1358,201359.jpg,normal
1359,201360.jpg,downy_mildew
1360,201361.jpg,downy_mildew
1361,201362.jpg,normal
1362,201363.jpg,normal
1363,201364.jpg,bacterial_panicle_blight
1364,201365.jpg,normal
1365,201366.jpg,dead_heart
1366,201367.jpg,normal
1367,201368.jpg,normal
1368,201369.jpg,brown_spot
1369,201370.jpg,tungro
1370,201371.jpg,normal
1371,201372.jpg,normal
1372,201373.jpg,bacterial_panicle_blight
1373,201374.jpg,normal
1374,201375.jpg,normal
1375,201376.jpg,normal
1376,201377.jpg,downy_mildew
1377,201378.jpg,bacterial_panicle_blight
1378,201379.jpg,bacterial_panicle_blight
1379,201380.jpg,normal
1380,201381.jpg,normal
1381,201382.jpg,normal
1382,201383.jpg,downy_mildew
1383,201384.jpg,hispa
1384,201385.jpg,blast
1385,201386.jpg,normal
1386,201387.jpg,downy_mildew
1387,201388.jpg,downy_mildew
1388,201389.jpg,blast
1389,201390.jpg,normal
1390,201391.jpg,normal
1391,201392.jpg,bacterial_panicle_blight
1392,201393.jpg,normal
1393,201394.jpg,dead_heart
1394,201395.jpg,normal
1395,201396.jpg,normal
1396,201397.jpg,normal
1397,201398.jpg,downy_mildew
1398,201399.jpg,dead_heart
1399,201400.jpg,hispa
1400,201401.jpg,bacterial_panicle_blight
1401,201402.jpg,normal
1402,201403.jpg,blast
1403,201404.jpg,normal
1404,201405.jpg,downy_mildew
1405,201406.jpg,normal
1406,201407.jpg,brown_spot
1407,201408.jpg,brown_spot
1408,201409.jpg,brown_spot
1409,201410.jpg,dead_heart
1410,201411.jpg,downy_mildew
1411,201412.jpg,bacterial_panicle_blight
1412,201413.jpg,downy_mildew
1413,201414.jpg,downy_mildew
1414,201415.jpg,downy_mildew
1415,201416.jpg,dead_heart
1416,201417.jpg,normal
1417,201418.jpg,dead_heart
1418,201419.jpg,blast
1419,201420.jpg,bacterial_leaf_blight
1420,201421.jpg,dead_heart
1421,201422.jpg,tungro
1422,201423.jpg,normal
1423,201424.jpg,hispa
1424,201425.jpg,normal
1425,201426.jpg,bacterial_leaf_streak
1426,201427.jpg,normal
1427,201428.jpg,normal
1428,201429.jpg,hispa
1429,201430.jpg,bacterial_leaf_blight
1430,201431.jpg,normal
1431,201432.jpg,normal
1432,201433.jpg,dead_heart
1433,201434.jpg,normal
1434,201435.jpg,bacterial_leaf_blight
1435,201436.jpg,hispa
1436,201437.jpg,dead_heart
1437,201438.jpg,normal
1438,201439.jpg,normal
1439,201440.jpg,normal
1440,201441.jpg,dead_heart
1441,201442.jpg,brown_spot
1442,201443.jpg,downy_mildew
1443,201444.jpg,downy_mildew
1444,201445.jpg,tungro
1445,201446.jpg,hispa
1446,201447.jpg,normal
1447,201448.jpg,normal
1448,201449.jpg,normal
1449,201450.jpg,normal
1450,201451.jpg,normal
1451,201452.jpg,downy_mildew
1452,201453.jpg,normal
1453,201454.jpg,downy_mildew
1454,201455.jpg,hispa
1455,201456.jpg,normal
1456,201457.jpg,hispa
1457,201458.jpg,normal
1458,201459.jpg,hispa
1459,201460.jpg,bacterial_leaf_blight
1460,201461.jpg,downy_mildew
1461,201462.jpg,brown_spot
1462,201463.jpg,normal
1463,201464.jpg,normal
1464,201465.jpg,hispa
1465,201466.jpg,tungro
1466,201467.jpg,downy_mildew
1467,201468.jpg,normal
1468,201469.jpg,downy_mildew
1469,201470.jpg,bacterial_panicle_blight
1470,201471.jpg,tungro
1471,201472.jpg,downy_mildew
1472,201473.jpg,normal
1473,201474.jpg,brown_spot
1474,201475.jpg,dead_heart
1475,201476.jpg,downy_mildew
1476,201477.jpg,hispa
1477,201478.jpg,normal
1478,201479.jpg,dead_heart
1479,201480.jpg,normal
1480,201481.jpg,normal
1481,201482.jpg,normal
1482,201483.jpg,dead_heart
1483,201484.jpg,dead_heart
1484,201485.jpg,dead_heart
1485,201486.jpg,bacterial_leaf_blight
1486,201487.jpg,normal
1487,201488.jpg,normal
1488,201489.jpg,tungro
1489,201490.jpg,bacterial_leaf_blight
1490,201491.jpg,normal
1491,201492.jpg,bacterial_panicle_blight
1492,201493.jpg,normal
1493,201494.jpg,normal
1494,201495.jpg,normal
1495,201496.jpg,downy_mildew
1496,201497.jpg,downy_mildew
1497,201498.jpg,tungro
1498,201499.jpg,normal
1499,201500.jpg,downy_mildew
1500,201501.jpg,normal
1501,201502.jpg,bacterial_leaf_blight
1502,201503.jpg,blast
1503,201504.jpg,normal
1504,201505.jpg,tungro
1505,201506.jpg,normal
1506,201507.jpg,bacterial_leaf_blight
1507,201508.jpg,normal
1508,201509.jpg,normal
1509,201510.jpg,normal
1510,201511.jpg,bacterial_leaf_blight
1511,201512.jpg,tungro
1512,201513.jpg,brown_spot
1513,201514.jpg,blast
1514,201515.jpg,normal
1515,201516.jpg,blast
1516,201517.jpg,downy_mildew
1517,201518.jpg,normal
1518,201519.jpg,hispa
1519,201520.jpg,bacterial_leaf_streak
1520,201521.jpg,normal
1521,201522.jpg,normal
1522,201523.jpg,dead_heart
1523,201524.jpg,brown_spot
1524,201525.jpg,bacterial_leaf_blight
1525,201526.jpg,bacterial_leaf_blight
1526,201527.jpg,tungro
1527,201528.jpg,normal
1528,201529.jpg,blast
1529,201530.jpg,normal
1530,201531.jpg,normal
1531,201532.jpg,bacterial_leaf_blight
1532,201533.jpg,normal
1533,201534.jpg,dead_heart
1534,201535.jpg,normal
1535,201536.jpg,blast
1536,201537.jpg,brown_spot
1537,201538.jpg,brown_spot
1538,201539.jpg,bacterial_leaf_streak
1539,201540.jpg,blast
1540,201541.jpg,brown_spot
1541,201542.jpg,brown_spot
1542,201543.jpg,normal
1543,201544.jpg,normal
1544,201545.jpg,normal
1545,201546.jpg,normal
1546,201547.jpg,normal
1547,201548.jpg,normal
1548,201549.jpg,brown_spot
1549,201550.jpg,bacterial_leaf_blight
1550,201551.jpg,normal
1551,201552.jpg,normal
1552,201553.jpg,normal
1553,201554.jpg,hispa
1554,201555.jpg,blast
1555,201556.jpg,normal
1556,201557.jpg,normal
1557,201558.jpg,normal
1558,201559.jpg,bacterial_leaf_blight
1559,201560.jpg,dead_heart
1560,201561.jpg,normal
1561,201562.jpg,hispa
1562,201563.jpg,normal
1563,201564.jpg,bacterial_panicle_blight
1564,201565.jpg,brown_spot
1565,201566.jpg,blast
1566,201567.jpg,dead_heart
1567,201568.jpg,hispa
1568,201569.jpg,normal
1569,201570.jpg,normal
1570,201571.jpg,bacterial_panicle_blight
1571,201572.jpg,hispa
1572,201573.jpg,downy_mildew
1573,201574.jpg,blast
1574,201575.jpg,brown_spot
1575,201576.jpg,brown_spot
1576,201577.jpg,bacterial_leaf_blight
1577,201578.jpg,downy_mildew
1578,201579.jpg,brown_spot
1579,201580.jpg,normal
1580,201581.jpg,normal
1581,201582.jpg,bacterial_leaf_blight
1582,201583.jpg,downy_mildew
1583,201584.jpg,dead_heart
1584,201585.jpg,bacterial_leaf_blight
1585,201586.jpg,bacterial_leaf_streak
1586,201587.jpg,normal
1587,201588.jpg,hispa
1588,201589.jpg,blast
1589,201590.jpg,normal
1590,201591.jpg,normal
1591,201592.jpg,blast
1592,201593.jpg,dead_heart
1593,201594.jpg,downy_mildew
1594,201595.jpg,normal
1595,201596.jpg,normal
1596,201597.jpg,downy_mildew
1597,201598.jpg,blast
1598,201599.jpg,downy_mildew
1599,201600.jpg,dead_heart
1600,201601.jpg,downy_mildew
1601,201602.jpg,downy_mildew
1602,201603.jpg,normal
1603,201604.jpg,blast
1604,201605.jpg,normal
1605,201606.jpg,downy_mildew
1606,201607.jpg,normal
1607,201608.jpg,normal
1608,201609.jpg,normal
1609,201610.jpg,hispa
1610,201611.jpg,normal
1611,201612.jpg,bacterial_panicle_blight
1612,201613.jpg,bacterial_leaf_blight
1613,201614.jpg,downy_mildew
1614,201615.jpg,downy_mildew
1615,201616.jpg,normal
1616,201617.jpg,normal
1617,201618.jpg,normal
1618,201619.jpg,normal
1619,201620.jpg,blast
1620,201621.jpg,normal
1621,201622.jpg,normal
1622,201623.jpg,normal
1623,201624.jpg,brown_spot
1624,201625.jpg,normal
1625,201626.jpg,blast
1626,201627.jpg,normal
1627,201628.jpg,downy_mildew
1628,201629.jpg,dead_heart
1629,201630.jpg,normal
1630,201631.jpg,normal
1631,201632.jpg,normal
1632,201633.jpg,hispa
1633,201634.jpg,dead_heart
1634,201635.jpg,tungro
1635,201636.jpg,dead_heart
1636,201637.jpg,normal
1637,201638.jpg,bacterial_panicle_blight
1638,201639.jpg,bacterial_panicle_blight
1639,201640.jpg,dead_heart
1640,201641.jpg,downy_mildew
1641,201642.jpg,normal
1642,201643.jpg,hispa
1643,201644.jpg,normal
1644,201645.jpg,hispa
1645,201646.jpg,downy_mildew
1646,201647.jpg,blast
1647,201648.jpg,normal
1648,201649.jpg,bacterial_panicle_blight
1649,201650.jpg,hispa
1650,201651.jpg,hispa
1651,201652.jpg,normal
1652,201653.jpg,normal
1653,201654.jpg,blast
1654,201655.jpg,blast
1655,201656.jpg,normal
1656,201657.jpg,hispa
1657,201658.jpg,hispa
1658,201659.jpg,normal
1659,201660.jpg,brown_spot
1660,201661.jpg,normal
1661,201662.jpg,blast
1662,201663.jpg,tungro
1663,201664.jpg,hispa
1664,201665.jpg,normal
1665,201666.jpg,bacterial_panicle_blight
1666,201667.jpg,blast
1667,201668.jpg,blast
1668,201669.jpg,bacterial_leaf_blight
1669,201670.jpg,downy_mildew
1670,201671.jpg,normal
1671,201672.jpg,normal
1672,201673.jpg,blast
1673,201674.jpg,bacterial_leaf_blight
1674,201675.jpg,downy_mildew
1675,201676.jpg,normal
1676,201677.jpg,normal
1677,201678.jpg,normal
1678,201679.jpg,normal
1679,201680.jpg,bacterial_leaf_blight
1680,201681.jpg,normal
1681,201682.jpg,downy_mildew
1682,201683.jpg,normal
1683,201684.jpg,downy_mildew
1684,201685.jpg,normal
1685,201686.jpg,bacterial_leaf_blight
1686,201687.jpg,normal
1687,201688.jpg,normal
1688,201689.jpg,normal
1689,201690.jpg,blast
1690,201691.jpg,normal
1691,201692.jpg,normal
1692,201693.jpg,normal
1693,201694.jpg,normal
1694,201695.jpg,bacterial_panicle_blight
1695,201696.jpg,normal
1696,201697.jpg,normal
1697,201698.jpg,blast
1698,201699.jpg,tungro
1699,201700.jpg,brown_spot
1700,201701.jpg,blast
1701,201702.jpg,hispa
1702,201703.jpg,normal
1703,201704.jpg,bacterial_panicle_blight
1704,201705.jpg,hispa
1705,201706.jpg,brown_spot
1706,201707.jpg,bacterial_leaf_blight
1707,201708.jpg,bacterial_panicle_blight
1708,201709.jpg,downy_mildew
1709,201710.jpg,dead_heart
1710,201711.jpg,downy_mildew
1711,201712.jpg,bacterial_panicle_blight
1712,201713.jpg,hispa
1713,201714.jpg,brown_spot
1714,201715.jpg,bacterial_leaf_blight
1715,201716.jpg,downy_mildew
1716,201717.jpg,normal
1717,201718.jpg,normal
1718,201719.jpg,hispa
1719,201720.jpg,hispa
1720,201721.jpg,dead_heart
1721,201722.jpg,normal
1722,201723.jpg,normal
1723,201724.jpg,normal
1724,201725.jpg,blast
1725,201726.jpg,normal
1726,201727.jpg,hispa
1727,201728.jpg,downy_mildew
1728,201729.jpg,normal
1729,201730.jpg,tungro
1730,201731.jpg,blast
1731,201732.jpg,normal
1732,201733.jpg,normal
1733,201734.jpg,normal
1734,201735.jpg,normal
1735,201736.jpg,normal
1736,201737.jpg,brown_spot
1737,201738.jpg,downy_mildew
1738,201739.jpg,dead_heart
1739,201740.jpg,tungro
1740,201741.jpg,normal
1741,201742.jpg,brown_spot
1742,201743.jpg,brown_spot
1743,201744.jpg,bacterial_leaf_blight
1744,201745.jpg,normal
1745,201746.jpg,hispa
1746,201747.jpg,dead_heart
1747,201748.jpg,normal
1748,201749.jpg,normal
1749,201750.jpg,normal
1750,201751.jpg,normal
1751,201752.jpg,normal
1752,201753.jpg,normal
1753,201754.jpg,brown_spot
1754,201755.jpg,normal
1755,201756.jpg,hispa
1756,201757.jpg,hispa
1757,201758.jpg,normal
1758,201759.jpg,normal
1759,201760.jpg,normal
1760,201761.jpg,hispa
1761,201762.jpg,downy_mildew
1762,201763.jpg,downy_mildew
1763,201764.jpg,downy_mildew
1764,201765.jpg,hispa
1765,201766.jpg,normal
1766,201767.jpg,downy_mildew
1767,201768.jpg,hispa
1768,201769.jpg,downy_mildew
1769,201770.jpg,downy_mildew
1770,201771.jpg,hispa
1771,201772.jpg,downy_mildew
1772,201773.jpg,normal
1773,201774.jpg,brown_spot
1774,201775.jpg,normal
1775,201776.jpg,dead_heart
1776,201777.jpg,dead_heart
1777,201778.jpg,normal
1778,201779.jpg,brown_spot
1779,201780.jpg,downy_mildew
1780,201781.jpg,downy_mildew
1781,201782.jpg,normal
1782,201783.jpg,normal
1783,201784.jpg,normal
1784,201785.jpg,normal
1785,201786.jpg,normal
1786,201787.jpg,normal
1787,201788.jpg,normal
1788,201789.jpg,downy_mildew
1789,201790.jpg,normal
1790,201791.jpg,bacterial_panicle_blight
1791,201792.jpg,normal
1792,201793.jpg,dead_heart
1793,201794.jpg,normal
1794,201795.jpg,normal
1795,201796.jpg,normal
1796,201797.jpg,dead_heart
1797,201798.jpg,normal
1798,201799.jpg,normal
1799,201800.jpg,downy_mildew
1800,201801.jpg,normal
1801,201802.jpg,downy_mildew
1802,201803.jpg,bacterial_leaf_blight
1803,201804.jpg,bacterial_leaf_blight
1804,201805.jpg,blast
1805,201806.jpg,normal
1806,201807.jpg,normal
1807,201808.jpg,normal
1808,201809.jpg,blast
1809,201810.jpg,tungro
1810,201811.jpg,brown_spot
1811,201812.jpg,dead_heart
1812,201813.jpg,normal
1813,201814.jpg,normal
1814,201815.jpg,normal
1815,201816.jpg,normal
1816,201817.jpg,normal
1817,201818.jpg,bacterial_panicle_blight
1818,201819.jpg,normal
1819,201820.jpg,normal
1820,201821.jpg,normal
1821,201822.jpg,downy_mildew
1822,201823.jpg,normal
1823,201824.jpg,bacterial_leaf_blight
1824,201825.jpg,normal
1825,201826.jpg,downy_mildew
1826,201827.jpg,bacterial_leaf_blight
1827,201828.jpg,bacterial_leaf_blight
1828,201829.jpg,normal
1829,201830.jpg,normal
1830,201831.jpg,bacterial_panicle_blight
1831,201832.jpg,dead_heart
1832,201833.jpg,normal
1833,201834.jpg,brown_spot
1834,201835.jpg,blast
1835,201836.jpg,dead_heart
1836,201837.jpg,dead_heart
1837,201838.jpg,normal
1838,201839.jpg,normal
1839,201840.jpg,normal
1840,201841.jpg,hispa
1841,201842.jpg,normal
1842,201843.jpg,normal
1843,201844.jpg,tungro
1844,201845.jpg,downy_mildew
1845,201846.jpg,normal
1846,201847.jpg,brown_spot
1847,201848.jpg,normal
1848,201849.jpg,brown_spot
1849,201850.jpg,normal
1850,201851.jpg,normal
1851,201852.jpg,downy_mildew
1852,201853.jpg,normal
1853,201854.jpg,downy_mildew
1854,201855.jpg,normal
1855,201856.jpg,dead_heart
1856,201857.jpg,bacterial_leaf_blight
1857,201858.jpg,normal
1858,201859.jpg,normal
1859,201860.jpg,normal
1860,201861.jpg,hispa
1861,201862.jpg,dead_heart
1862,201863.jpg,normal
1863,201864.jpg,normal
1864,201865.jpg,blast
1865,201866.jpg,normal
1866,201867.jpg,blast
1867,201868.jpg,brown_spot
1868,201869.jpg,normal
1869,201870.jpg,normal
1870,201871.jpg,normal
1871,201872.jpg,bacterial_leaf_blight
1872,201873.jpg,normal
1873,201874.jpg,dead_heart
1874,201875.jpg,normal
1875,201876.jpg,normal
1876,201877.jpg,blast
1877,201878.jpg,normal
1878,201879.jpg,normal
1879,201880.jpg,normal
1880,201881.jpg,normal
1881,201882.jpg,blast
1882,201883.jpg,normal
1883,201884.jpg,downy_mildew
1884,201885.jpg,bacterial_leaf_blight
1885,201886.jpg,normal
1886,201887.jpg,normal
1887,201888.jpg,blast
1888,201889.jpg,downy_mildew
1889,201890.jpg,normal
1890,201891.jpg,normal
1891,201892.jpg,hispa
1892,201893.jpg,normal
1893,201894.jpg,bacterial_panicle_blight
1894,201895.jpg,hispa
1895,201896.jpg,normal
1896,201897.jpg,normal
1897,201898.jpg,normal
1898,201899.jpg,normal
1899,201900.jpg,dead_heart
1900,201901.jpg,normal
1901,201902.jpg,hispa
1902,201903.jpg,normal
1903,201904.jpg,normal
1904,201905.jpg,normal
1905,201906.jpg,dead_heart
1906,201907.jpg,normal
1907,201908.jpg,normal
1908,201909.jpg,bacterial_leaf_blight
1909,201910.jpg,tungro
1910,201911.jpg,blast
1911,201912.jpg,dead_heart
1912,201913.jpg,downy_mildew
1913,201914.jpg,downy_mildew
1914,201915.jpg,normal
1915,201916.jpg,normal
1916,201917.jpg,bacterial_leaf_blight
1917,201918.jpg,downy_mildew
1918,201919.jpg,normal
1919,201920.jpg,downy_mildew
1920,201921.jpg,normal
1921,201922.jpg,bacterial_panicle_blight
1922,201923.jpg,tungro
1923,201924.jpg,downy_mildew
1924,201925.jpg,downy_mildew
1925,201926.jpg,downy_mildew
1926,201927.jpg,normal
1927,201928.jpg,bacterial_leaf_blight
1928,201929.jpg,normal
1929,201930.jpg,dead_heart
1930,201931.jpg,normal
1931,201932.jpg,brown_spot
1932,201933.jpg,normal
1933,201934.jpg,normal
1934,201935.jpg,bacterial_leaf_blight
1935,201936.jpg,downy_mildew
1936,201937.jpg,downy_mildew
1937,201938.jpg,bacterial_leaf_blight
1938,201939.jpg,normal
1939,201940.jpg,downy_mildew
1940,201941.jpg,normal
1941,201942.jpg,downy_mildew
1942,201943.jpg,brown_spot
1943,201944.jpg,hispa
1944,201945.jpg,normal
1945,201946.jpg,normal
1946,201947.jpg,dead_heart
1947,201948.jpg,normal
1948,201949.jpg,normal
1949,201950.jpg,bacterial_panicle_blight
1950,201951.jpg,bacterial_leaf_blight
1951,201952.jpg,normal
1952,201953.jpg,normal
1953,201954.jpg,normal
1954,201955.jpg,dead_heart
1955,201956.jpg,dead_heart
1956,201957.jpg,bacterial_leaf_blight
1957,201958.jpg,normal
1958,201959.jpg,dead_heart
1959,201960.jpg,hispa
1960,201961.jpg,hispa
1961,201962.jpg,hispa
1962,201963.jpg,blast
1963,201964.jpg,normal
1964,201965.jpg,normal
1965,201966.jpg,brown_spot
1966,201967.jpg,hispa
1967,201968.jpg,normal
1968,201969.jpg,bacterial_leaf_blight
1969,201970.jpg,normal
1970,201971.jpg,blast
1971,201972.jpg,brown_spot
1972,201973.jpg,downy_mildew
1973,201974.jpg,downy_mildew
1974,201975.jpg,normal
1975,201976.jpg,brown_spot
1976,201977.jpg,hispa
1977,201978.jpg,dead_heart
1978,201979.jpg,tungro
1979,201980.jpg,normal
1980,201981.jpg,brown_spot
1981,201982.jpg,bacterial_leaf_blight
1982,201983.jpg,normal
1983,201984.jpg,hispa
1984,201985.jpg,downy_mildew
1985,201986.jpg,normal
1986,201987.jpg,dead_heart
1987,201988.jpg,downy_mildew
1988,201989.jpg,normal
1989,201990.jpg,blast
1990,201991.jpg,normal
1991,201992.jpg,normal
1992,201993.jpg,downy_mildew
1993,201994.jpg,downy_mildew
1994,201995.jpg,brown_spot
1995,201996.jpg,blast
1996,201997.jpg,normal
1997,201998.jpg,normal
1998,201999.jpg,blast
1999,202000.jpg,normal
2000,202001.jpg,normal
2001,202002.jpg,blast
2002,202003.jpg,normal
2003,202004.jpg,normal
2004,202005.jpg,normal
2005,202006.jpg,brown_spot
2006,202007.jpg,bacterial_panicle_blight
2007,202008.jpg,normal
2008,202009.jpg,hispa
2009,202010.jpg,bacterial_leaf_blight
2010,202011.jpg,normal
2011,202012.jpg,bacterial_leaf_blight
2012,202013.jpg,normal
2013,202014.jpg,bacterial_leaf_blight
2014,202015.jpg,normal
2015,202016.jpg,bacterial_panicle_blight
2016,202017.jpg,normal
2017,202018.jpg,normal
2018,202019.jpg,normal
2019,202020.jpg,blast
2020,202021.jpg,downy_mildew
2021,202022.jpg,normal
2022,202023.jpg,normal
2023,202024.jpg,bacterial_panicle_blight
2024,202025.jpg,normal
2025,202026.jpg,normal
2026,202027.jpg,hispa
2027,202028.jpg,downy_mildew
2028,202029.jpg,dead_heart
2029,202030.jpg,normal
2030,202031.jpg,blast
2031,202032.jpg,hispa
2032,202033.jpg,normal
2033,202034.jpg,normal
2034,202035.jpg,blast
2035,202036.jpg,bacterial_leaf_blight
2036,202037.jpg,normal
2037,202038.jpg,normal
2038,202039.jpg,normal
2039,202040.jpg,normal
2040,202041.jpg,blast
2041,202042.jpg,hispa
2042,202043.jpg,normal
2043,202044.jpg,bacterial_panicle_blight
2044,202045.jpg,normal
2045,202046.jpg,normal
2046,202047.jpg,tungro
2047,202048.jpg,dead_heart
2048,202049.jpg,normal
2049,202050.jpg,normal
2050,202051.jpg,brown_spot
2051,202052.jpg,normal
2052,202053.jpg,normal
2053,202054.jpg,hispa
2054,202055.jpg,hispa
2055,202056.jpg,blast
2056,202057.jpg,hispa
2057,202058.jpg,tungro
2058,202059.jpg,blast
2059,202060.jpg,dead_heart
2060,202061.jpg,downy_mildew
2061,202062.jpg,bacterial_leaf_blight
2062,202063.jpg,normal
2063,202064.jpg,tungro
2064,202065.jpg,downy_mildew
2065,202066.jpg,normal
2066,202067.jpg,normal
2067,202068.jpg,normal
2068,202069.jpg,bacterial_leaf_blight
2069,202070.jpg,brown_spot
2070,202071.jpg,normal
2071,202072.jpg,brown_spot
2072,202073.jpg,downy_mildew
2073,202074.jpg,normal
2074,202075.jpg,normal
2075,202076.jpg,hispa
2076,202077.jpg,bacterial_panicle_blight
2077,202078.jpg,tungro
2078,202079.jpg,hispa
2079,202080.jpg,normal
2080,202081.jpg,bacterial_leaf_blight
2081,202082.jpg,dead_heart
2082,202083.jpg,normal
2083,202084.jpg,hispa
2084,202085.jpg,normal
2085,202086.jpg,normal
2086,202087.jpg,hispa
2087,202088.jpg,hispa
2088,202089.jpg,hispa
2089,202090.jpg,bacterial_leaf_blight
2090,202091.jpg,normal
2091,202092.jpg,normal
2092,202093.jpg,brown_spot
2093,202094.jpg,normal
2094,202095.jpg,hispa
2095,202096.jpg,bacterial_panicle_blight
2096,202097.jpg,dead_heart
2097,202098.jpg,hispa
2098,202099.jpg,normal
2099,202100.jpg,brown_spot
2100,202101.jpg,normal
2101,202102.jpg,brown_spot
2102,202103.jpg,normal
2103,202104.jpg,normal
2104,202105.jpg,downy_mildew
2105,202106.jpg,downy_mildew
2106,202107.jpg,brown_spot
2107,202108.jpg,normal
2108,202109.jpg,downy_mildew
2109,202110.jpg,normal
2110,202111.jpg,normal
2111,202112.jpg,normal
2112,202113.jpg,normal
2113,202114.jpg,downy_mildew
2114,202115.jpg,normal
2115,202116.jpg,hispa
2116,202117.jpg,bacterial_panicle_blight
2117,202118.jpg,bacterial_panicle_blight
2118,202119.jpg,normal
2119,202120.jpg,blast
2120,202121.jpg,normal
2121,202122.jpg,brown_spot
2122,202123.jpg,normal
2123,202124.jpg,normal
2124,202125.jpg,bacterial_leaf_blight
2125,202126.jpg,dead_heart
2126,202127.jpg,hispa
2127,202128.jpg,normal
2128,202129.jpg,downy_mildew
2129,202130.jpg,blast
2130,202131.jpg,blast
2131,202132.jpg,downy_mildew
2132,202133.jpg,normal
2133,202134.jpg,bacterial_panicle_blight
2134,202135.jpg,normal
2135,202136.jpg,dead_heart
2136,202137.jpg,downy_mildew
2137,202138.jpg,normal
2138,202139.jpg,normal
2139,202140.jpg,hispa
2140,202141.jpg,normal
2141,202142.jpg,blast
2142,202143.jpg,normal
2143,202144.jpg,normal
2144,202145.jpg,brown_spot
2145,202146.jpg,downy_mildew
2146,202147.jpg,blast
2147,202148.jpg,normal
2148,202149.jpg,normal
2149,202150.jpg,dead_heart
2150,202151.jpg,downy_mildew
2151,202152.jpg,normal
2152,202153.jpg,dead_heart
2153,202154.jpg,dead_heart
2154,202155.jpg,dead_heart
2155,202156.jpg,normal
2156,202157.jpg,normal
2157,202158.jpg,normal
2158,202159.jpg,normal
2159,202160.jpg,blast
2160,202161.jpg,downy_mildew
2161,202162.jpg,normal
2162,202163.jpg,blast
2163,202164.jpg,normal
2164,202165.jpg,normal
2165,202166.jpg,downy_mildew
2166,202167.jpg,bacterial_leaf_blight
2167,202168.jpg,blast
2168,202169.jpg,normal
2169,202170.jpg,normal
2170,202171.jpg,downy_mildew
2171,202172.jpg,hispa
2172,202173.jpg,normal
2173,202174.jpg,tungro
2174,202175.jpg,hispa
2175,202176.jpg,normal
2176,202177.jpg,brown_spot
2177,202178.jpg,downy_mildew
2178,202179.jpg,normal
2179,202180.jpg,downy_mildew
2180,202181.jpg,normal
2181,202182.jpg,blast
2182,202183.jpg,normal
2183,202184.jpg,blast
2184,202185.jpg,bacterial_panicle_blight
2185,202186.jpg,normal
2186,202187.jpg,downy_mildew
2187,202188.jpg,bacterial_leaf_blight
2188,202189.jpg,brown_spot
2189,202190.jpg,normal
2190,202191.jpg,normal
2191,202192.jpg,normal
2192,202193.jpg,normal
2193,202194.jpg,normal
2194,202195.jpg,bacterial_panicle_blight
2195,202196.jpg,normal
2196,202197.jpg,bacterial_leaf_blight
2197,202198.jpg,normal
2198,202199.jpg,tungro
2199,202200.jpg,downy_mildew
2200,202201.jpg,normal
2201,202202.jpg,dead_heart
2202,202203.jpg,normal
2203,202204.jpg,normal
2204,202205.jpg,normal
2205,202206.jpg,downy_mildew
2206,202207.jpg,blast
2207,202208.jpg,normal
2208,202209.jpg,blast
2209,202210.jpg,normal
2210,202211.jpg,normal
2211,202212.jpg,dead_heart
2212,202213.jpg,normal
2213,202214.jpg,normal
2214,202215.jpg,normal
2215,202216.jpg,normal
2216,202217.jpg,normal
2217,202218.jpg,normal
2218,202219.jpg,normal
2219,202220.jpg,blast
2220,202221.jpg,bacterial_panicle_blight
2221,202222.jpg,normal
2222,202223.jpg,bacterial_panicle_blight
2223,202224.jpg,normal
2224,202225.jpg,normal
2225,202226.jpg,normal
2226,202227.jpg,blast
2227,202228.jpg,dead_heart
2228,202229.jpg,normal
2229,202230.jpg,bacterial_panicle_blight
2230,202231.jpg,normal
2231,202232.jpg,downy_mildew
2232,202233.jpg,normal
2233,202234.jpg,tungro
2234,202235.jpg,normal
2235,202236.jpg,normal
2236,202237.jpg,blast
2237,202238.jpg,tungro
2238,202239.jpg,normal
2239,202240.jpg,normal
2240,202241.jpg,dead_heart
2241,202242.jpg,hispa
2242,202243.jpg,normal
2243,202244.jpg,blast
2244,202245.jpg,normal
2245,202246.jpg,normal
2246,202247.jpg,normal
2247,202248.jpg,blast
2248,202249.jpg,normal
2249,202250.jpg,normal
2250,202251.jpg,normal
2251,202252.jpg,normal
2252,202253.jpg,dead_heart
2253,202254.jpg,normal
2254,202255.jpg,dead_heart
2255,202256.jpg,tungro
2256,202257.jpg,normal
2257,202258.jpg,normal
2258,202259.jpg,dead_heart
2259,202260.jpg,normal
2260,202261.jpg,blast
2261,202262.jpg,downy_mildew
2262,202263.jpg,dead_heart
2263,202264.jpg,blast
2264,202265.jpg,downy_mildew
2265,202266.jpg,normal
2266,202267.jpg,bacterial_panicle_blight
2267,202268.jpg,blast
2268,202269.jpg,normal
2269,202270.jpg,normal
2270,202271.jpg,normal
2271,202272.jpg,brown_spot
2272,202273.jpg,normal
2273,202274.jpg,brown_spot
2274,202275.jpg,bacterial_leaf_blight
2275,202276.jpg,normal
2276,202277.jpg,hispa
2277,202278.jpg,normal
2278,202279.jpg,normal
2279,202280.jpg,blast
2280,202281.jpg,downy_mildew
2281,202282.jpg,downy_mildew
2282,202283.jpg,brown_spot
2283,202284.jpg,brown_spot
2284,202285.jpg,tungro
2285,202286.jpg,dead_heart
2286,202287.jpg,dead_heart
2287,202288.jpg,normal
2288,202289.jpg,normal
2289,202290.jpg,brown_spot
2290,202291.jpg,normal
2291,202292.jpg,normal
2292,202293.jpg,normal
2293,202294.jpg,hispa
2294,202295.jpg,normal
2295,202296.jpg,bacterial_panicle_blight
2296,202297.jpg,brown_spot
2297,202298.jpg,hispa
2298,202299.jpg,blast
2299,202300.jpg,dead_heart
2300,202301.jpg,downy_mildew
2301,202302.jpg,bacterial_leaf_blight
2302,202303.jpg,blast
2303,202304.jpg,normal
2304,202305.jpg,bacterial_leaf_blight
2305,202306.jpg,normal
2306,202307.jpg,normal
2307,202308.jpg,hispa
2308,202309.jpg,hispa
2309,202310.jpg,downy_mildew
2310,202311.jpg,hispa
2311,202312.jpg,downy_mildew
2312,202313.jpg,normal
2313,202314.jpg,normal
2314,202315.jpg,dead_heart
2315,202316.jpg,normal
2316,202317.jpg,bacterial_leaf_blight
2317,202318.jpg,normal
2318,202319.jpg,dead_heart
2319,202320.jpg,normal
2320,202321.jpg,downy_mildew
2321,202322.jpg,brown_spot
2322,202323.jpg,downy_mildew
2323,202324.jpg,normal
2324,202325.jpg,blast
2325,202326.jpg,normal
2326,202327.jpg,normal
2327,202328.jpg,normal
2328,202329.jpg,downy_mildew
2329,202330.jpg,bacterial_leaf_blight
2330,202331.jpg,brown_spot
2331,202332.jpg,tungro
2332,202333.jpg,dead_heart
2333,202334.jpg,normal
2334,202335.jpg,downy_mildew
2335,202336.jpg,normal
2336,202337.jpg,normal
2337,202338.jpg,normal
2338,202339.jpg,blast
2339,202340.jpg,blast
2340,202341.jpg,normal
2341,202342.jpg,bacterial_leaf_blight
2342,202343.jpg,normal
2343,202344.jpg,dead_heart
2344,202345.jpg,normal
2345,202346.jpg,hispa
2346,202347.jpg,normal
2347,202348.jpg,normal
2348,202349.jpg,normal
2349,202350.jpg,normal
2350,202351.jpg,normal
2351,202352.jpg,hispa
2352,202353.jpg,downy_mildew
2353,202354.jpg,downy_mildew
2354,202355.jpg,bacterial_panicle_blight
2355,202356.jpg,bacterial_panicle_blight
2356,202357.jpg,downy_mildew
2357,202358.jpg,normal
2358,202359.jpg,hispa
2359,202360.jpg,blast
2360,202361.jpg,normal
2361,202362.jpg,normal
2362,202363.jpg,downy_mildew
2363,202364.jpg,downy_mildew
2364,202365.jpg,dead_heart
2365,202366.jpg,tungro
2366,202367.jpg,dead_heart
2367,202368.jpg,normal
2368,202369.jpg,dead_heart
2369,202370.jpg,normal
2370,202371.jpg,normal
2371,202372.jpg,blast
2372,202373.jpg,normal
2373,202374.jpg,normal
2374,202375.jpg,normal
2375,202376.jpg,normal
2376,202377.jpg,normal
2377,202378.jpg,normal
2378,202379.jpg,normal
2379,202380.jpg,downy_mildew
2380,202381.jpg,downy_mildew
2381,202382.jpg,normal
2382,202383.jpg,normal
2383,202384.jpg,normal
2384,202385.jpg,normal
2385,202386.jpg,dead_heart
2386,202387.jpg,downy_mildew
2387,202388.jpg,downy_mildew
2388,202389.jpg,tungro
2389,202390.jpg,hispa
2390,202391.jpg,dead_heart
2391,202392.jpg,normal
2392,202393.jpg,bacterial_panicle_blight
2393,202394.jpg,normal
2394,202395.jpg,normal
2395,202396.jpg,hispa
2396,202397.jpg,normal
2397,202398.jpg,normal
2398,202399.jpg,dead_heart
2399,202400.jpg,normal
2400,202401.jpg,blast
2401,202402.jpg,blast
2402,202403.jpg,normal
2403,202404.jpg,hispa
2404,202405.jpg,normal
2405,202406.jpg,normal
2406,202407.jpg,normal
2407,202408.jpg,dead_heart
2408,202409.jpg,normal
2409,202410.jpg,tungro
2410,202411.jpg,blast
2411,202412.jpg,downy_mildew
2412,202413.jpg,normal
2413,202414.jpg,normal
2414,202415.jpg,dead_heart
2415,202416.jpg,downy_mildew
2416,202417.jpg,normal
2417,202418.jpg,dead_heart
2418,202419.jpg,hispa
2419,202420.jpg,normal
2420,202421.jpg,hispa
2421,202422.jpg,blast
2422,202423.jpg,bacterial_panicle_blight
2423,202424.jpg,normal
2424,202425.jpg,tungro
2425,202426.jpg,bacterial_panicle_blight
2426,202427.jpg,bacterial_leaf_blight
2427,202428.jpg,dead_heart
2428,202429.jpg,normal
2429,202430.jpg,brown_spot
2430,202431.jpg,normal
2431,202432.jpg,blast
2432,202433.jpg,normal
2433,202434.jpg,brown_spot
2434,202435.jpg,normal
2435,202436.jpg,bacterial_leaf_blight
2436,202437.jpg,normal
2437,202438.jpg,normal
2438,202439.jpg,brown_spot
2439,202440.jpg,normal
2440,202441.jpg,normal
2441,202442.jpg,blast
2442,202443.jpg,bacterial_leaf_blight
2443,202444.jpg,downy_mildew
2444,202445.jpg,normal
2445,202446.jpg,bacterial_panicle_blight
2446,202447.jpg,blast
2447,202448.jpg,brown_spot
2448,202449.jpg,brown_spot
2449,202450.jpg,normal
2450,202451.jpg,dead_heart
2451,202452.jpg,blast
2452,202453.jpg,normal
2453,202454.jpg,normal
2454,202455.jpg,blast
2455,202456.jpg,normal
2456,202457.jpg,brown_spot
2457,202458.jpg,normal
2458,202459.jpg,tungro
2459,202460.jpg,bacterial_leaf_streak
2460,202461.jpg,normal
2461,202462.jpg,dead_heart
2462,202463.jpg,brown_spot
2463,202464.jpg,dead_heart
2464,202465.jpg,normal
2465,202466.jpg,blast
2466,202467.jpg,normal
2467,202468.jpg,blast
2468,202469.jpg,downy_mildew
2469,202470.jpg,hispa
2470,202471.jpg,brown_spot
2471,202472.jpg,normal
2472,202473.jpg,normal
2473,202474.jpg,brown_spot
2474,202475.jpg,normal
2475,202476.jpg,dead_heart
2476,202477.jpg,normal
2477,202478.jpg,downy_mildew
2478,202479.jpg,blast
2479,202480.jpg,hispa
2480,202481.jpg,normal
2481,202482.jpg,bacterial_leaf_blight
2482,202483.jpg,downy_mildew
2483,202484.jpg,bacterial_leaf_blight
2484,202485.jpg,normal
2485,202486.jpg,hispa
2486,202487.jpg,hispa
2487,202488.jpg,normal
2488,202489.jpg,dead_heart
2489,202490.jpg,tungro
2490,202491.jpg,normal
2491,202492.jpg,downy_mildew
2492,202493.jpg,hispa
2493,202494.jpg,normal
2494,202495.jpg,blast
2495,202496.jpg,normal
2496,202497.jpg,normal
2497,202498.jpg,hispa
2498,202499.jpg,normal
2499,202500.jpg,downy_mildew
2500,202501.jpg,normal
2501,202502.jpg,normal
2502,202503.jpg,normal
2503,202504.jpg,bacterial_leaf_blight
2504,202505.jpg,normal
2505,202506.jpg,normal
2506,202507.jpg,brown_spot
2507,202508.jpg,normal
2508,202509.jpg,normal
2509,202510.jpg,normal
2510,202511.jpg,downy_mildew
2511,202512.jpg,blast
2512,202513.jpg,normal
2513,202514.jpg,brown_spot
2514,202515.jpg,blast
2515,202516.jpg,hispa
2516,202517.jpg,dead_heart
2517,202518.jpg,dead_heart
2518,202519.jpg,normal
2519,202520.jpg,bacterial_leaf_blight
2520,202521.jpg,blast
2521,202522.jpg,blast
2522,202523.jpg,normal
2523,202524.jpg,blast
2524,202525.jpg,normal
2525,202526.jpg,blast
2526,202527.jpg,hispa
2527,202528.jpg,normal
2528,202529.jpg,normal
2529,202530.jpg,downy_mildew
2530,202531.jpg,normal
2531,202532.jpg,bacterial_leaf_blight
2532,202533.jpg,normal
2533,202534.jpg,blast
2534,202535.jpg,bacterial_leaf_blight
2535,202536.jpg,normal
2536,202537.jpg,brown_spot
2537,202538.jpg,normal
2538,202539.jpg,blast
2539,202540.jpg,downy_mildew
2540,202541.jpg,normal
2541,202542.jpg,blast
2542,202543.jpg,normal
2543,202544.jpg,normal
2544,202545.jpg,downy_mildew
2545,202546.jpg,hispa
2546,202547.jpg,downy_mildew
2547,202548.jpg,normal
2548,202549.jpg,bacterial_panicle_blight
2549,202550.jpg,normal
2550,202551.jpg,normal
2551,202552.jpg,normal
2552,202553.jpg,downy_mildew
2553,202554.jpg,bacterial_leaf_streak
2554,202555.jpg,normal
2555,202556.jpg,hispa
2556,202557.jpg,blast
2557,202558.jpg,hispa
2558,202559.jpg,bacterial_leaf_blight
2559,202560.jpg,normal
2560,202561.jpg,normal
2561,202562.jpg,normal
2562,202563.jpg,hispa
2563,202564.jpg,normal
2564,202565.jpg,blast
2565,202566.jpg,normal
2566,202567.jpg,normal
2567,202568.jpg,bacterial_leaf_blight
2568,202569.jpg,downy_mildew
2569,202570.jpg,dead_heart
2570,202571.jpg,normal
2571,202572.jpg,brown_spot
2572,202573.jpg,normal
2573,202574.jpg,normal
2574,202575.jpg,brown_spot
2575,202576.jpg,bacterial_leaf_blight
2576,202577.jpg,normal
2577,202578.jpg,normal
2578,202579.jpg,normal
2579,202580.jpg,normal
2580,202581.jpg,tungro
2581,202582.jpg,normal
2582,202583.jpg,normal
2583,202584.jpg,bacterial_panicle_blight
2584,202585.jpg,bacterial_leaf_blight
2585,202586.jpg,tungro
2586,202587.jpg,normal
2587,202588.jpg,normal
2588,202589.jpg,normal
2589,202590.jpg,bacterial_leaf_blight
2590,202591.jpg,normal
2591,202592.jpg,normal
2592,202593.jpg,dead_heart
2593,202594.jpg,bacterial_leaf_streak
2594,202595.jpg,hispa
2595,202596.jpg,normal
2596,202597.jpg,normal
2597,202598.jpg,blast
2598,202599.jpg,downy_mildew
2599,202600.jpg,normal
2600,202601.jpg,brown_spot
2601,202602.jpg,hispa
2602,202603.jpg,hispa
2603,202604.jpg,blast
2604,202605.jpg,normal
2605,202606.jpg,normal
2606,202607.jpg,normal
2607,202608.jpg,normal
2608,202609.jpg,normal
2609,202610.jpg,downy_mildew
2610,202611.jpg,dead_heart
2611,202612.jpg,normal
2612,202613.jpg,hispa
2613,202614.jpg,hispa
2614,202615.jpg,bacterial_panicle_blight
2615,202616.jpg,normal
2616,202617.jpg,downy_mildew
2617,202618.jpg,normal
2618,202619.jpg,hispa
2619,202620.jpg,normal
2620,202621.jpg,downy_mildew
2621,202622.jpg,dead_heart
2622,202623.jpg,brown_spot
2623,202624.jpg,bacterial_panicle_blight
2624,202625.jpg,bacterial_leaf_blight
2625,202626.jpg,brown_spot
2626,202627.jpg,normal
2627,202628.jpg,blast
2628,202629.jpg,normal
2629,202630.jpg,brown_spot
2630,202631.jpg,normal
2631,202632.jpg,hispa
2632,202633.jpg,normal
2633,202634.jpg,normal
2634,202635.jpg,bacterial_leaf_blight
2635,202636.jpg,downy_mildew
2636,202637.jpg,normal
2637,202638.jpg,dead_heart
2638,202639.jpg,downy_mildew
2639,202640.jpg,downy_mildew
2640,202641.jpg,hispa
2641,202642.jpg,downy_mildew
2642,202643.jpg,dead_heart
2643,202644.jpg,normal
2644,202645.jpg,normal
2645,202646.jpg,normal
2646,202647.jpg,hispa
2647,202648.jpg,brown_spot
2648,202649.jpg,normal
2649,202650.jpg,normal
2650,202651.jpg,dead_heart
2651,202652.jpg,hispa
2652,202653.jpg,normal
2653,202654.jpg,hispa
2654,202655.jpg,blast
2655,202656.jpg,normal
2656,202657.jpg,normal
2657,202658.jpg,downy_mildew
2658,202659.jpg,normal
2659,202660.jpg,normal
2660,202661.jpg,bacterial_leaf_blight
2661,202662.jpg,normal
2662,202663.jpg,bacterial_leaf_blight
2663,202664.jpg,normal
2664,202665.jpg,downy_mildew
2665,202666.jpg,bacterial_panicle_blight
2666,202667.jpg,bacterial_leaf_blight
2667,202668.jpg,normal
2668,202669.jpg,hispa
2669,202670.jpg,brown_spot
2670,202671.jpg,hispa
2671,202672.jpg,normal
2672,202673.jpg,downy_mildew
2673,202674.jpg,downy_mildew
2674,202675.jpg,hispa
2675,202676.jpg,normal
2676,202677.jpg,bacterial_leaf_blight
2677,202678.jpg,normal
2678,202679.jpg,tungro
2679,202680.jpg,downy_mildew
2680,202681.jpg,blast
2681,202682.jpg,normal
2682,202683.jpg,blast
2683,202684.jpg,normal
2684,202685.jpg,blast
2685,202686.jpg,normal
2686,202687.jpg,normal
2687,202688.jpg,bacterial_leaf_blight
2688,202689.jpg,hispa
2689,202690.jpg,hispa
2690,202691.jpg,normal
2691,202692.jpg,normal
2692,202693.jpg,dead_heart
2693,202694.jpg,hispa
2694,202695.jpg,hispa
2695,202696.jpg,hispa
2696,202697.jpg,tungro
2697,202698.jpg,normal
2698,202699.jpg,dead_heart
2699,202700.jpg,normal
2700,202701.jpg,normal
2701,202702.jpg,normal
2702,202703.jpg,normal
2703,202704.jpg,bacterial_panicle_blight
2704,202705.jpg,bacterial_panicle_blight
2705,202706.jpg,normal
2706,202707.jpg,hispa
2707,202708.jpg,bacterial_leaf_blight
2708,202709.jpg,bacterial_leaf_blight
2709,202710.jpg,normal
2710,202711.jpg,dead_heart
2711,202712.jpg,downy_mildew
2712,202713.jpg,normal
2713,202714.jpg,downy_mildew
2714,202715.jpg,normal
2715,202716.jpg,normal
2716,202717.jpg,tungro
2717,202718.jpg,normal
2718,202719.jpg,downy_mildew
2719,202720.jpg,hispa
2720,202721.jpg,bacterial_leaf_blight
2721,202722.jpg,normal
2722,202723.jpg,blast
2723,202724.jpg,bacterial_leaf_blight
2724,202725.jpg,bacterial_leaf_blight
2725,202726.jpg,bacterial_panicle_blight
2726,202727.jpg,bacterial_panicle_blight
2727,202728.jpg,blast
2728,202729.jpg,hispa
2729,202730.jpg,downy_mildew
2730,202731.jpg,normal
2731,202732.jpg,normal
2732,202733.jpg,downy_mildew
2733,202734.jpg,normal
2734,202735.jpg,blast
2735,202736.jpg,normal
2736,202737.jpg,hispa
2737,202738.jpg,normal
2738,202739.jpg,downy_mildew
2739,202740.jpg,normal
2740,202741.jpg,brown_spot
2741,202742.jpg,downy_mildew
2742,202743.jpg,normal
2743,202744.jpg,bacterial_leaf_blight
2744,202745.jpg,blast
2745,202746.jpg,normal
2746,202747.jpg,downy_mildew
2747,202748.jpg,downy_mildew
2748,202749.jpg,normal
2749,202750.jpg,blast
2750,202751.jpg,brown_spot
2751,202752.jpg,bacterial_leaf_blight
2752,202753.jpg,dead_heart
2753,202754.jpg,normal
2754,202755.jpg,normal
2755,202756.jpg,normal
2756,202757.jpg,downy_mildew
2757,202758.jpg,blast
2758,202759.jpg,normal
2759,202760.jpg,normal
2760,202761.jpg,normal
2761,202762.jpg,normal
2762,202763.jpg,normal
2763,202764.jpg,blast
2764,202765.jpg,bacterial_panicle_blight
2765,202766.jpg,blast
2766,202767.jpg,downy_mildew
2767,202768.jpg,downy_mildew
2768,202769.jpg,downy_mildew
2769,202770.jpg,normal
2770,202771.jpg,normal
2771,202772.jpg,normal
2772,202773.jpg,normal
2773,202774.jpg,downy_mildew
2774,202775.jpg,hispa
2775,202776.jpg,hispa
2776,202777.jpg,normal
2777,202778.jpg,hispa
2778,202779.jpg,bacterial_panicle_blight
2779,202780.jpg,normal
2780,202781.jpg,blast
2781,202782.jpg,blast
2782,202783.jpg,hispa
2783,202784.jpg,normal
2784,202785.jpg,hispa
2785,202786.jpg,brown_spot
2786,202787.jpg,normal
2787,202788.jpg,dead_heart
2788,202789.jpg,downy_mildew
2789,202790.jpg,normal
2790,202791.jpg,normal
2791,202792.jpg,brown_spot
2792,202793.jpg,downy_mildew
2793,202794.jpg,normal
2794,202795.jpg,normal
2795,202796.jpg,normal
2796,202797.jpg,hispa
2797,202798.jpg,normal
2798,202799.jpg,brown_spot
2799,202800.jpg,downy_mildew
2800,202801.jpg,normal
2801,202802.jpg,normal
2802,202803.jpg,normal
2803,202804.jpg,normal
2804,202805.jpg,bacterial_leaf_blight
2805,202806.jpg,normal
2806,202807.jpg,hispa
2807,202808.jpg,bacterial_leaf_blight
2808,202809.jpg,normal
2809,202810.jpg,hispa
2810,202811.jpg,normal
2811,202812.jpg,downy_mildew
2812,202813.jpg,normal
2813,202814.jpg,normal
2814,202815.jpg,hispa
2815,202816.jpg,normal
2816,202817.jpg,normal
2817,202818.jpg,dead_heart
2818,202819.jpg,tungro
2819,202820.jpg,downy_mildew
2820,202821.jpg,normal
2821,202822.jpg,normal
2822,202823.jpg,bacterial_panicle_blight
2823,202824.jpg,normal
2824,202825.jpg,normal
2825,202826.jpg,dead_heart
2826,202827.jpg,hispa
2827,202828.jpg,normal
2828,202829.jpg,normal
2829,202830.jpg,bacterial_panicle_blight
2830,202831.jpg,normal
2831,202832.jpg,hispa
2832,202833.jpg,normal
2833,202834.jpg,normal
2834,202835.jpg,normal
2835,202836.jpg,normal
2836,202837.jpg,normal
2837,202838.jpg,normal
2838,202839.jpg,downy_mildew
2839,202840.jpg,dead_heart
2840,202841.jpg,normal
2841,202842.jpg,bacterial_leaf_streak
2842,202843.jpg,downy_mildew
2843,202844.jpg,bacterial_leaf_blight
2844,202845.jpg,bacterial_panicle_blight
2845,202846.jpg,normal
2846,202847.jpg,downy_mildew
2847,202848.jpg,normal
2848,202849.jpg,downy_mildew
2849,202850.jpg,normal
2850,202851.jpg,normal
2851,202852.jpg,normal
2852,202853.jpg,dead_heart
2853,202854.jpg,normal
2854,202855.jpg,normal
2855,202856.jpg,normal
2856,202857.jpg,blast
2857,202858.jpg,normal
2858,202859.jpg,downy_mildew
2859,202860.jpg,brown_spot
2860,202861.jpg,bacterial_panicle_blight
2861,202862.jpg,normal
2862,202863.jpg,normal
2863,202864.jpg,downy_mildew
2864,202865.jpg,brown_spot
2865,202866.jpg,normal
2866,202867.jpg,normal
2867,202868.jpg,normal
2868,202869.jpg,bacterial_panicle_blight
2869,202870.jpg,hispa
2870,202871.jpg,hispa
2871,202872.jpg,downy_mildew
2872,202873.jpg,bacterial_panicle_blight
2873,202874.jpg,normal
2874,202875.jpg,dead_heart
2875,202876.jpg,downy_mildew
2876,202877.jpg,dead_heart
2877,202878.jpg,downy_mildew
2878,202879.jpg,bacterial_leaf_blight
2879,202880.jpg,hispa
2880,202881.jpg,normal
2881,202882.jpg,bacterial_panicle_blight
2882,202883.jpg,dead_heart
2883,202884.jpg,normal
2884,202885.jpg,tungro
2885,202886.jpg,dead_heart
2886,202887.jpg,normal
2887,202888.jpg,hispa
2888,202889.jpg,bacterial_panicle_blight
2889,202890.jpg,downy_mildew
2890,202891.jpg,blast
2891,202892.jpg,downy_mildew
2892,202893.jpg,normal
2893,202894.jpg,normal
2894,202895.jpg,downy_mildew
2895,202896.jpg,bacterial_panicle_blight
2896,202897.jpg,bacterial_panicle_blight
2897,202898.jpg,normal
2898,202899.jpg,normal
2899,202900.jpg,bacterial_panicle_blight
2900,202901.jpg,dead_heart
2901,202902.jpg,blast
2902,202903.jpg,hispa
2903,202904.jpg,normal
2904,202905.jpg,blast
2905,202906.jpg,bacterial_panicle_blight
2906,202907.jpg,downy_mildew
2907,202908.jpg,normal
2908,202909.jpg,normal
2909,202910.jpg,normal
2910,202911.jpg,blast
2911,202912.jpg,dead_heart
2912,202913.jpg,normal
2913,202914.jpg,normal
2914,202915.jpg,normal
2915,202916.jpg,blast
2916,202917.jpg,normal
2917,202918.jpg,downy_mildew
2918,202919.jpg,downy_mildew
2919,202920.jpg,normal
2920,202921.jpg,downy_mildew
2921,202922.jpg,dead_heart
2922,202923.jpg,hispa
2923,202924.jpg,brown_spot
2924,202925.jpg,dead_heart
2925,202926.jpg,dead_heart
2926,202927.jpg,dead_heart
2927,202928.jpg,downy_mildew
2928,202929.jpg,blast
2929,202930.jpg,dead_heart
2930,202931.jpg,downy_mildew
2931,202932.jpg,normal
2932,202933.jpg,normal
2933,202934.jpg,normal
2934,202935.jpg,normal
2935,202936.jpg,downy_mildew
2936,202937.jpg,blast
2937,202938.jpg,normal
2938,202939.jpg,blast
2939,202940.jpg,downy_mildew
2940,202941.jpg,normal
2941,202942.jpg,hispa
2942,202943.jpg,blast
2943,202944.jpg,normal
2944,202945.jpg,brown_spot
2945,202946.jpg,normal
2946,202947.jpg,downy_mildew
2947,202948.jpg,normal
2948,202949.jpg,bacterial_leaf_blight
2949,202950.jpg,bacterial_leaf_blight
2950,202951.jpg,bacterial_leaf_blight
2951,202952.jpg,downy_mildew
2952,202953.jpg,hispa
2953,202954.jpg,brown_spot
2954,202955.jpg,normal
2955,202956.jpg,normal
2956,202957.jpg,normal
2957,202958.jpg,normal
2958,202959.jpg,downy_mildew
2959,202960.jpg,hispa
2960,202961.jpg,hispa
2961,202962.jpg,brown_spot
2962,202963.jpg,dead_heart
2963,202964.jpg,normal
2964,202965.jpg,normal
2965,202966.jpg,normal
2966,202967.jpg,dead_heart
2967,202968.jpg,bacterial_leaf_blight
2968,202969.jpg,downy_mildew
2969,202970.jpg,bacterial_leaf_blight
2970,202971.jpg,bacterial_panicle_blight
2971,202972.jpg,normal
2972,202973.jpg,downy_mildew
2973,202974.jpg,blast
2974,202975.jpg,normal
2975,202976.jpg,hispa
2976,202977.jpg,normal
2977,202978.jpg,hispa
2978,202979.jpg,brown_spot
2979,202980.jpg,normal
2980,202981.jpg,normal
2981,202982.jpg,normal
2982,202983.jpg,normal
2983,202984.jpg,normal
2984,202985.jpg,normal
2985,202986.jpg,downy_mildew
2986,202987.jpg,brown_spot
2987,202988.jpg,normal
2988,202989.jpg,downy_mildew
2989,202990.jpg,blast
2990,202991.jpg,downy_mildew
2991,202992.jpg,normal
2992,202993.jpg,normal
2993,202994.jpg,normal
2994,202995.jpg,hispa
2995,202996.jpg,normal
2996,202997.jpg,downy_mildew
2997,202998.jpg,dead_heart
2998,202999.jpg,normal
2999,203000.jpg,normal
3000,203001.jpg,dead_heart
3001,203002.jpg,downy_mildew
3002,203003.jpg,downy_mildew
3003,203004.jpg,bacterial_panicle_blight
3004,203005.jpg,dead_heart
3005,203006.jpg,bacterial_panicle_blight
3006,203007.jpg,bacterial_leaf_blight
3007,203008.jpg,normal
3008,203009.jpg,tungro
3009,203010.jpg,blast
3010,203011.jpg,bacterial_leaf_blight
3011,203012.jpg,downy_mildew
3012,203013.jpg,hispa
3013,203014.jpg,normal
3014,203015.jpg,bacterial_panicle_blight
3015,203016.jpg,brown_spot
3016,203017.jpg,dead_heart
3017,203018.jpg,downy_mildew
3018,203019.jpg,normal
3019,203020.jpg,downy_mildew
3020,203021.jpg,downy_mildew
3021,203022.jpg,downy_mildew
3022,203023.jpg,hispa
3023,203024.jpg,bacterial_leaf_blight
3024,203025.jpg,normal
3025,203026.jpg,normal
3026,203027.jpg,bacterial_leaf_blight
3027,203028.jpg,normal
3028,203029.jpg,blast
3029,203030.jpg,normal
3030,203031.jpg,downy_mildew
3031,203032.jpg,downy_mildew
3032,203033.jpg,normal
3033,203034.jpg,normal
3034,203035.jpg,normal
3035,203036.jpg,bacterial_leaf_blight
3036,203037.jpg,downy_mildew
3037,203038.jpg,dead_heart
3038,203039.jpg,normal
3039,203040.jpg,hispa
3040,203041.jpg,blast
3041,203042.jpg,normal
3042,203043.jpg,normal
3043,203044.jpg,blast
3044,203045.jpg,normal
3045,203046.jpg,brown_spot
3046,203047.jpg,blast
3047,203048.jpg,downy_mildew
3048,203049.jpg,bacterial_panicle_blight
3049,203050.jpg,normal
3050,203051.jpg,normal
3051,203052.jpg,blast
3052,203053.jpg,downy_mildew
3053,203054.jpg,downy_mildew
3054,203055.jpg,dead_heart
3055,203056.jpg,hispa
3056,203057.jpg,normal
3057,203058.jpg,normal
3058,203059.jpg,blast
3059,203060.jpg,downy_mildew
3060,203061.jpg,normal
3061,203062.jpg,hispa
3062,203063.jpg,normal
3063,203064.jpg,normal
3064,203065.jpg,hispa
3065,203066.jpg,blast
3066,203067.jpg,normal
3067,203068.jpg,downy_mildew
3068,203069.jpg,normal
3069,203070.jpg,normal
3070,203071.jpg,blast
3071,203072.jpg,blast
3072,203073.jpg,normal
3073,203074.jpg,hispa
3074,203075.jpg,normal
3075,203076.jpg,blast
3076,203077.jpg,hispa
3077,203078.jpg,normal
3078,203079.jpg,normal
3079,203080.jpg,blast
3080,203081.jpg,normal
3081,203082.jpg,downy_mildew
3082,203083.jpg,hispa
3083,203084.jpg,bacterial_leaf_blight
3084,203085.jpg,normal
3085,203086.jpg,hispa
3086,203087.jpg,normal
3087,203088.jpg,bacterial_leaf_blight
3088,203089.jpg,normal
3089,203090.jpg,normal
3090,203091.jpg,dead_heart
3091,203092.jpg,normal
3092,203093.jpg,downy_mildew
3093,203094.jpg,normal
3094,203095.jpg,downy_mildew
3095,203096.jpg,normal
3096,203097.jpg,normal
3097,203098.jpg,normal
3098,203099.jpg,bacterial_panicle_blight
3099,203100.jpg,normal
3100,203101.jpg,downy_mildew
3101,203102.jpg,normal
3102,203103.jpg,normal
3103,203104.jpg,dead_heart
3104,203105.jpg,normal
3105,203106.jpg,downy_mildew
3106,203107.jpg,dead_heart
3107,203108.jpg,brown_spot
3108,203109.jpg,hispa
3109,203110.jpg,normal
3110,203111.jpg,normal
3111,203112.jpg,brown_spot
3112,203113.jpg,normal
3113,203114.jpg,brown_spot
3114,203115.jpg,normal
3115,203116.jpg,bacterial_panicle_blight
3116,203117.jpg,tungro
3117,203118.jpg,normal
3118,203119.jpg,dead_heart
3119,203120.jpg,dead_heart
3120,203121.jpg,hispa
3121,203122.jpg,bacterial_panicle_blight
3122,203123.jpg,normal
3123,203124.jpg,blast
3124,203125.jpg,normal
3125,203126.jpg,brown_spot
3126,203127.jpg,normal
3127,203128.jpg,blast
3128,203129.jpg,brown_spot
3129,203130.jpg,bacterial_leaf_blight
3130,203131.jpg,hispa
3131,203132.jpg,normal
3132,203133.jpg,normal
3133,203134.jpg,normal
3134,203135.jpg,dead_heart
3135,203136.jpg,normal
3136,203137.jpg,bacterial_panicle_blight
3137,203138.jpg,normal
3138,203139.jpg,normal
3139,203140.jpg,dead_heart
3140,203141.jpg,normal
3141,203142.jpg,normal
3142,203143.jpg,blast
3143,203144.jpg,normal
3144,203145.jpg,normal
3145,203146.jpg,hispa
3146,203147.jpg,downy_mildew
3147,203148.jpg,normal
3148,203149.jpg,normal
3149,203150.jpg,normal
3150,203151.jpg,downy_mildew
3151,203152.jpg,dead_heart
3152,203153.jpg,downy_mildew
3153,203154.jpg,normal
3154,203155.jpg,normal
3155,203156.jpg,bacterial_leaf_blight
3156,203157.jpg,hispa
3157,203158.jpg,downy_mildew
3158,203159.jpg,normal
3159,203160.jpg,downy_mildew
3160,203161.jpg,normal
3161,203162.jpg,downy_mildew
3162,203163.jpg,bacterial_leaf_blight
3163,203164.jpg,bacterial_leaf_blight
3164,203165.jpg,normal
3165,203166.jpg,normal
3166,203167.jpg,normal
3167,203168.jpg,hispa
3168,203169.jpg,normal
3169,203170.jpg,normal
3170,203171.jpg,bacterial_panicle_blight
3171,203172.jpg,bacterial_panicle_blight
3172,203173.jpg,normal
3173,203174.jpg,bacterial_panicle_blight
3174,203175.jpg,brown_spot
3175,203176.jpg,bacterial_leaf_blight
3176,203177.jpg,normal
3177,203178.jpg,normal
3178,203179.jpg,dead_heart
3179,203180.jpg,normal
3180,203181.jpg,normal
3181,203182.jpg,normal
3182,203183.jpg,downy_mildew
3183,203184.jpg,brown_spot
3184,203185.jpg,bacterial_leaf_blight
3185,203186.jpg,blast
3186,203187.jpg,normal
3187,203188.jpg,normal
3188,203189.jpg,brown_spot
3189,203190.jpg,normal
3190,203191.jpg,bacterial_leaf_blight
3191,203192.jpg,normal
3192,203193.jpg,downy_mildew
3193,203194.jpg,normal
3194,203195.jpg,bacterial_panicle_blight
3195,203196.jpg,blast
3196,203197.jpg,dead_heart
3197,203198.jpg,normal
3198,203199.jpg,downy_mildew
3199,203200.jpg,normal
3200,203201.jpg,normal
3201,203202.jpg,bacterial_leaf_blight
3202,203203.jpg,dead_heart
3203,203204.jpg,normal
3204,203205.jpg,brown_spot
3205,203206.jpg,normal
3206,203207.jpg,normal
3207,203208.jpg,normal
3208,203209.jpg,downy_mildew
3209,203210.jpg,normal
3210,203211.jpg,normal
3211,203212.jpg,normal
3212,203213.jpg,hispa
3213,203214.jpg,normal
3214,203215.jpg,bacterial_panicle_blight
3215,203216.jpg,bacterial_panicle_blight
3216,203217.jpg,blast
3217,203218.jpg,blast
3218,203219.jpg,dead_heart
3219,203220.jpg,blast
3220,203221.jpg,normal
3221,203222.jpg,bacterial_leaf_blight
3222,203223.jpg,normal
3223,203224.jpg,normal
3224,203225.jpg,hispa
3225,203226.jpg,downy_mildew
3226,203227.jpg,bacterial_leaf_blight
3227,203228.jpg,normal
3228,203229.jpg,brown_spot
3229,203230.jpg,brown_spot
3230,203231.jpg,normal
3231,203232.jpg,brown_spot
3232,203233.jpg,tungro
3233,203234.jpg,normal
3234,203235.jpg,normal
3235,203236.jpg,dead_heart
3236,203237.jpg,normal
3237,203238.jpg,hispa
3238,203239.jpg,downy_mildew
3239,203240.jpg,normal
3240,203241.jpg,blast
3241,203242.jpg,normal
3242,203243.jpg,blast
3243,203244.jpg,normal
3244,203245.jpg,normal
3245,203246.jpg,normal
3246,203247.jpg,normal
3247,203248.jpg,normal
3248,203249.jpg,normal
3249,203250.jpg,normal
3250,203251.jpg,normal
3251,203252.jpg,dead_heart
3252,203253.jpg,hispa
3253,203254.jpg,normal
3254,203255.jpg,downy_mildew
3255,203256.jpg,normal
3256,203257.jpg,normal
3257,203258.jpg,blast
3258,203259.jpg,normal
3259,203260.jpg,hispa
3260,203261.jpg,brown_spot
3261,203262.jpg,blast
3262,203263.jpg,blast
3263,203264.jpg,normal
3264,203265.jpg,dead_heart
3265,203266.jpg,normal
3266,203267.jpg,downy_mildew
3267,203268.jpg,normal
3268,203269.jpg,normal
3269,203270.jpg,downy_mildew
3270,203271.jpg,blast
3271,203272.jpg,normal
3272,203273.jpg,brown_spot
3273,203274.jpg,blast
3274,203275.jpg,bacterial_panicle_blight
3275,203276.jpg,downy_mildew
3276,203277.jpg,brown_spot
3277,203278.jpg,normal
3278,203279.jpg,normal
3279,203280.jpg,tungro
3280,203281.jpg,normal
3281,203282.jpg,normal
3282,203283.jpg,normal
3283,203284.jpg,normal
3284,203285.jpg,brown_spot
3285,203286.jpg,bacterial_panicle_blight
3286,203287.jpg,normal
3287,203288.jpg,bacterial_panicle_blight
3288,203289.jpg,normal
3289,203290.jpg,bacterial_leaf_blight
3290,203291.jpg,brown_spot
3291,203292.jpg,normal
3292,203293.jpg,bacterial_leaf_blight
3293,203294.jpg,brown_spot
3294,203295.jpg,downy_mildew
3295,203296.jpg,dead_heart
3296,203297.jpg,normal
3297,203298.jpg,bacterial_leaf_blight
3298,203299.jpg,normal
3299,203300.jpg,brown_spot
3300,203301.jpg,normal
3301,203302.jpg,dead_heart
3302,203303.jpg,bacterial_leaf_blight
3303,203304.jpg,dead_heart
3304,203305.jpg,normal
3305,203306.jpg,hispa
3306,203307.jpg,blast
3307,203308.jpg,dead_heart
3308,203309.jpg,normal
3309,203310.jpg,hispa
3310,203311.jpg,bacterial_leaf_blight
3311,203312.jpg,normal
3312,203313.jpg,tungro
3313,203314.jpg,downy_mildew
3314,203315.jpg,normal
3315,203316.jpg,normal
3316,203317.jpg,normal
3317,203318.jpg,normal
3318,203319.jpg,bacterial_leaf_streak
3319,203320.jpg,hispa
3320,203321.jpg,blast
3321,203322.jpg,normal
3322,203323.jpg,normal
3323,203324.jpg,normal
3324,203325.jpg,normal
3325,203326.jpg,brown_spot
3326,203327.jpg,normal
3327,203328.jpg,tungro
3328,203329.jpg,downy_mildew
3329,203330.jpg,normal
3330,203331.jpg,normal
3331,203332.jpg,brown_spot
3332,203333.jpg,dead_heart
3333,203334.jpg,downy_mildew
3334,203335.jpg,bacterial_leaf_blight
3335,203336.jpg,downy_mildew
3336,203337.jpg,dead_heart
3337,203338.jpg,normal
3338,203339.jpg,normal
3339,203340.jpg,normal
3340,203341.jpg,downy_mildew
3341,203342.jpg,blast
3342,203343.jpg,dead_heart
3343,203344.jpg,normal
3344,203345.jpg,normal
3345,203346.jpg,normal
3346,203347.jpg,normal
3347,203348.jpg,dead_heart
3348,203349.jpg,normal
3349,203350.jpg,normal
3350,203351.jpg,normal
3351,203352.jpg,blast
3352,203353.jpg,normal
3353,203354.jpg,normal
3354,203355.jpg,downy_mildew
3355,203356.jpg,hispa
3356,203357.jpg,normal
3357,203358.jpg,tungro
3358,203359.jpg,normal
3359,203360.jpg,normal
3360,203361.jpg,downy_mildew
3361,203362.jpg,downy_mildew
3362,203363.jpg,normal
3363,203364.jpg,normal
3364,203365.jpg,normal
3365,203366.jpg,dead_heart
3366,203367.jpg,normal
3367,203368.jpg,downy_mildew
3368,203369.jpg,bacterial_panicle_blight
3369,203370.jpg,tungro
3370,203371.jpg,normal
3371,203372.jpg,hispa
3372,203373.jpg,normal
3373,203374.jpg,normal
3374,203375.jpg,bacterial_leaf_blight
3375,203376.jpg,normal
3376,203377.jpg,downy_mildew
3377,203378.jpg,normal
3378,203379.jpg,dead_heart
3379,203380.jpg,blast
3380,203381.jpg,blast
3381,203382.jpg,blast
3382,203383.jpg,bacterial_panicle_blight
3383,203384.jpg,normal
3384,203385.jpg,normal
3385,203386.jpg,brown_spot
3386,203387.jpg,normal
3387,203388.jpg,normal
3388,203389.jpg,normal
3389,203390.jpg,normal
3390,203391.jpg,brown_spot
3391,203392.jpg,blast
3392,203393.jpg,bacterial_leaf_blight
3393,203394.jpg,normal
3394,203395.jpg,normal
3395,203396.jpg,normal
3396,203397.jpg,blast
3397,203398.jpg,normal
3398,203399.jpg,blast
3399,203400.jpg,blast
3400,203401.jpg,hispa
3401,203402.jpg,normal
3402,203403.jpg,normal
3403,203404.jpg,bacterial_panicle_blight
3404,203405.jpg,downy_mildew
3405,203406.jpg,normal
3406,203407.jpg,normal
3407,203408.jpg,normal
3408,203409.jpg,dead_heart
3409,203410.jpg,normal
3410,203411.jpg,bacterial_leaf_blight
3411,203412.jpg,downy_mildew
3412,203413.jpg,normal
3413,203414.jpg,bacterial_leaf_blight
3414,203415.jpg,normal
3415,203416.jpg,normal
3416,203417.jpg,normal
3417,203418.jpg,bacterial_panicle_blight
3418,203419.jpg,hispa
3419,203420.jpg,bacterial_leaf_blight
3420,203421.jpg,normal
3421,203422.jpg,downy_mildew
3422,203423.jpg,tungro
3423,203424.jpg,bacterial_leaf_blight
3424,203425.jpg,downy_mildew
3425,203426.jpg,brown_spot
3426,203427.jpg,normal
3427,203428.jpg,downy_mildew
3428,203429.jpg,brown_spot
3429,203430.jpg,blast
3430,203431.jpg,hispa
3431,203432.jpg,brown_spot
3432,203433.jpg,normal
3433,203434.jpg,bacterial_leaf_blight
3434,203435.jpg,bacterial_leaf_blight
3435,203436.jpg,normal
3436,203437.jpg,downy_mildew
3437,203438.jpg,hispa
3438,203439.jpg,brown_spot
3439,203440.jpg,normal
3440,203441.jpg,brown_spot
3441,203442.jpg,downy_mildew
3442,203443.jpg,normal
3443,203444.jpg,downy_mildew
3444,203445.jpg,downy_mildew
3445,203446.jpg,downy_mildew
3446,203447.jpg,normal
3447,203448.jpg,normal
3448,203449.jpg,normal
3449,203450.jpg,normal
3450,203451.jpg,normal
3451,203452.jpg,bacterial_leaf_blight
3452,203453.jpg,hispa
3453,203454.jpg,downy_mildew
3454,203455.jpg,normal
3455,203456.jpg,normal
3456,203457.jpg,downy_mildew
3457,203458.jpg,normal
3458,203459.jpg,downy_mildew
3459,203460.jpg,normal
3460,203461.jpg,normal
3461,203462.jpg,normal
3462,203463.jpg,hispa
3463,203464.jpg,dead_heart
3464,203465.jpg,dead_heart
3465,203466.jpg,normal
3466,203467.jpg,hispa
3467,203468.jpg,downy_mildew
3468,203469.jpg,blast
